Workbook

Sheet Executive_Dashboard
A1: Risk Dashboard — Executive Summary
A3: Company | E3: Risk Snapshot
A4: Company Name: | B4: ='Company_Profile'!B2 | E4: Safety Guardrail: | F4: =IFERROR(VLOOKUP("Subcontractor Guardrail Triggered",Summary!A:B,2,FALSE),"")
A5: Assessment ID: | B5: ='Company_Profile'!B5 | E5: Open Actions: | F5: =COUNTIF(Action_Register!O:O,"Open")
A6: Assessment Date: | B6: ='Company_Profile'!B6 | E6: Verified Actions: | F6: =COUNTIF(Action_Register!O:O,"Verified")
E7: Closed Actions: | F7: =COUNTIF(Action_Register!O:O,"Closed")
E8: Blocked Closures: | F8: =COUNTIF(Action_Register!AE:AE,"BLOCKED")
E9: Execution Momentum: | F9: =IFERROR(LOOKUP(2,1/(Outcome_Tracking!Q:Q<>""),Outcome_Tracking!Q:Q),"")
A11: Outcome Tracking (Most Recent)
A12: Most Recent Loss Ratio: | B12: =IFERROR(LOOKUP(2,1/(Outcome_Tracking!K:K<>""),Outcome_Tracking!K:K),"")
A13: Most Recent Trend: | B13: =IFERROR(LOOKUP(2,1/(Outcome_Tracking!M:M<>""),Outcome_Tracking!M:M),"")
A14: Guardrail Active at Checkpoint: | B14: =IFERROR(LOOKUP(2,1/(Outcome_Tracking!O:O<>""),Outcome_Tracking!O:O),"")
A16: Top Risks & Next Actions
A17: Blocking Actions (if any):
A18: Blocking Count: | B18: =COUNTIFS(Action_Register!K:K,"YES",Action_Register!O:O,"<>Closed",Action_Register!O:O,"<>")
A19: Critical Open Count: | B19: =COUNTIFS(Action_Register!J:J,"Critical",Action_Register!O:O,"Open")
A20: Next Step: | B20: ="Review Action_Plan tab and filter to Open + Critical + Blocking."

Sheet Company_Profile
A1: Company Profile
A2: Company Name | B2: Sample Insured
A3: Company Address
A4: Company Representative
A5: Assessment ID | B5: A-0001
A6: Assessment Date | B6: =TODAY()

Sheet Config
A1: Risk App Scoring Engine — Final Weights (Safety 40 / WC 20 / Fleet 40)
A3: Enter 1–5 in Responses. Overall score is calculated from global weights in Questions.
A5: Overall Rating Bands
A7: Min | B7: Max | C7: Rating
A8: 0 | B8: 54.999 | C8: High Risk
A9: 55 | B9: 69.999 | C9: Elevated Risk
A10: 70 | B10: 84.999 | C10: Moderate Risk
A11: 85 | B11: 100 | C11: Strong / Low Risk

Sheet Questions
A1: QuestionID | B1: Pillar | C1: Topic | D1: Question Text | E1: RespType | F1: Weight | G1: ScaleNotes | H1: Constraints
A2: SAF-01 | B2: Safety | C2: Policy Review & Leadership | D2: Is there a formal safety policy, how often is it reviewed, and how is executive leadership involved in supporting and enforcing safety expectations? | E2: Scale1to5 | F2: 0.04 | G2: 1=No formal review; leadership unclear. 2=Reviewed >24 months ago; limited/unclear leadership. 3=Reviewed within 12–24 months; some leadership participation. 4=Reviewed within last 12 months; defined leadership roles involved. 5=Reviewed within last 12 months; includes executive-level participation. | H2: Constraint: if not reviewed on a defined interval, cap at 3.
A3: SAF-02 | B3: Safety | C3: Training (Hire + Method + Verification) | D3: At what point do employees receive safety training, how often is it conducted, by what methods, and how is understanding or competency verified? | E3: Scale1to5 | F3: 0.08 | G3: 1=Infrequent/ad hoc; employees may work before training; passive; no verification. 2=Scheduled but employees may work before training; limited verification. 3=Training at/before time of hire + cadence; mostly classroom/online; limited verification. 4=Training at/before time of hire + routine cadence; hands-on/field; documented observation/coaching. 5=Training at/before time of hire + cadence AND triggers; verified via observation/coaching and follow-up. | H3: Constraint: if employees work before training, cap at 2.
A4: SAF-03 | B4: Safety | C4: Incidents & Near-Misses (System Fixes) | D4: How are safety incidents and near-misses investigated, how are deficiencies in safety management systems identified, and how are those deficiencies corrected? | E4: Scale1to5 | F4: 0.06 | G4: 1=Reactive; near-misses rarely reported; actions informal; no verification. 2=Documented but shallow; near-miss inconsistent; actions delayed/closed without verification. 3=Defined process for incidents+near-misses; owners/due dates; limited effectiveness verification. 4=Prompt structured investigations; system fixes implemented; follow-up verifies effectiveness. 5=Root-cause + risk prioritization; leadership reviews trends; effectiveness verified over time. | H4: Constraint: if near-misses not reviewed, cap at 2. If only employee blame, cap at 3.
A5: SAF-04 | B5: Safety | C5: Supervisor Observations & Coaching (System Focus) | D5: How do supervisors conduct safety observations, provide coaching, and address system-level contributors rather than placing blame solely on employees? | E5: Scale1to5 | F5: 0.08 | G5: 1=Rare/reactive or punitive; rule-violation focused; no follow-up. 2=Occasional and documented; mostly behavior-focused; limited escalation/system fixes. 3=Routine observations; some system issues; follow-up inconsistent. 4=Routine and system-focused; issues documented/escalated; actions verified. 5=Embedded practice; trend review; coaching drives system change; effectiveness verified. | H5: Constraint: if observations are primarily punitive/behavior-only, cap at 2.
A6: SAF-05 | B6: Safety | C6: Frontline Hazard Reporting (No Fear + Feedback) | D6: How do frontline employees report hazards and unsafe conditions without fear of reprisal, and how are those reports tracked, addressed, and communicated back? | E6: Scale1to5 | F6: 0.08 | G6: 1=Reporting unclear/limited; fear of discipline; little tracking/response. 2=Mechanism exists but low trust; inconsistent tracking/response; little feedback. 3=Clear reporting without fear; tracked/addressed; mostly reactive; participation not reinforced. 4=Actively encouraged; timely response; feedback provided; leadership supports reporting. 5=Embedded and reinforced; recognition/rewards; trends reviewed; employee input shapes improvements. | H6: Constraint: if reporting leads to blame/discipline, cap at 1. If no feedback loop, cap at 3.
A7: SAF-06 | B7: Safety | C7: Management Review & Action (Decisions + Follow-through) | D7: How does management review safety performance, what decisions are made as a result, and how is follow-through verified? | E7: Scale1to5 | F7: 0.06 | G7: 1=Rare/symbolic; reactive; no documented actions/verification. 2=Periodic but passive; mostly lagging metrics; limited/unresourced actions. 3=Regular structured reviews include some leading indicators; inconsistent follow-through. 4=Regular leading+lagging review; owners assigned; resources allocated; completion verified. 5=Strategic integration; decisions affect staffing/scheduling/capital; leadership accountable; effectiveness verified. | H7: Constraint: if lagging-only review, cap at 2. If actions not resourced, cap at 3.
A8: WC-01 | B8: WorkersComp | C8: Injury Reporting Timeliness & Accountability | D8: How are work-related injuries reported, who is responsible for reporting, and how is timely reporting enforced to preserve medical-only and return-to-work outcomes? | E8: Scale1to5 | F8: 0.04 | G8: 1=Expectations unclear; employees self-decide; supervisor role undefined; delays common. 2=Policy exists but weak communication/enforcement; delays frequent. 3=Roles defined; most injuries reported timely; monitoring/enforcement inconsistent. 4=All injuries required; supervisors escalate; timeliness tracked; delays addressed. 5=Immediate reporting embedded; metrics tracked and improved. | H8: Constraint: delayed reporting that prevents early medical intervention/RTW caps at 2.
A9: WC-02 | B9: WorkersComp | C9: Medical Direction (Clinics + Nurse Triage + Telemedicine) | D9: How is medical care directed following an injury, including use of nurse triage, telemedicine, and vetted occupational medical providers? | E9: Scale1to5 | F9: 0.04 | G9: 1=Uncontrolled entry; no direction/triage; restrictions unmanaged. 2=Informal/inconsistent direction; triage/telemed optional/rare. 3=Generally directed to occupational care/triage; limited coordination. 4=Directed to vetted clinics/triage/telemed as appropriate; coordinated; restrictions managed. 5=Integrated triage/telemed + vetted clinics; proactive restriction management; multi-state ready. | H9: Constraint: if employees choose initial providers without direction, cap at 2. For remote/multi-state, no triage/telemed caps at 3.
A10: WC-03 | B10: WorkersComp | C10: Return-to-Work Execution (Transitional Duty) | D10: How does the organization implement and manage return-to-work or transitional duty to reduce lost time and support recovery? | E10: Scale1to5 | F10: 0.04 | G10: 1=No RTW; off work until fully released. 2=RTW policy exists but avoided; options limited; lost-time common. 3=Options exist; used reactively; inconsistent by supervisor/location. 4=Early and consistent RTW; tasks pre-identified; restrictions accommodated. 5=Embedded RTW; supervisors accountable; outcomes tracked and improved. | H10: Constraint: if transitional duty not identified in advance, cap at 3. If supervisors resist restrictions, cap at 2.
A11: WC-04 | B11: WorkersComp | C11: Claim Oversight (Ownership to Closure) | D11: Who is responsible for managing workers’ compensation claims from initial report through closure, and how is progress monitored? | E11: Scale1to5 | F11: 0.03 | G11: 1=No internal ownership; carrier-only; minimal employee contact. 2=Informal ownership; inconsistent follow-up/communication. 3=Defined role exists; periodic oversight; inconsistent escalation. 4=Clear owner follows claims to closure; regular reviews; barriers addressed. 5=Proactive owner; early escalation; coordinated with carrier; timely resolution. | H11: Constraint: if no specific internal role follows claims to closure, cap at 2. Renewal-only review caps at 2.
A12: WC-05 | B12: WorkersComp | C12: Claims Review Intervals (Open Claims + Trends + Action) | D12: At what intervals are workers’ compensation claims reviewed, and how are open claims, trends, and corrective actions tracked? | E12: Scale1to5 | F12: 0.03 | G12: 1=No structured review; open claims drift. 2=Infrequent/renewal-only; little action. 3=Single cadence (e.g., quarterly); limited tracking of actions. 4=Multi-interval reviews (e.g., monthly open-claim + quarterly trends); actions assigned/tracked. 5=Dynamic cadence + triggers; drives closure and prevention; effectiveness monitored. | H12: Constraint: renewal-only caps at 2. If open claims not reviewed regularly to drive closure, cap at 3.
A13: WC-06 | B13: WorkersComp | C13: Employee Trust & Check-In Cadence | D13: Who maintains contact with injured employees, how often do check-ins occur, and how is trust maintained throughout the claim? | E13: Scale1to5 | F13: 0.02 | G13: 1=No owner/cadence; reactive contact only. 2=Informal/irregular check-ins; employees unsure who to contact. 3=Defined role; periodic check-ins but inconsistent. 4=Clear owner; defined regular check-ins; employees understand process. 5=Structured cadence + milestones; proactive, trust-centered engagement. | H13: Constraint: if no specific internal role owns check-ins, cap at 2. If no defined cadence, cap at 3.
... A21: FL-08 | B21: Fleet | C21: Management Review + Accountability (Fleet) | D21: How does leadership review fleet risk performance, assign accountability, and take action based on fleet risk metrics? | E21: Scale1to5 | F21: 0.01 | G21: 1=No management review; accountability unclear. 2=Infrequent/passive; little action. 3=Periodic review; limited ownership/follow-through. 4=Active review; named accountability; decisions change controls. 5=Embedded executive accountability; resources allocated; outcomes monitored. | H21: Constraint: if no defined cadence, cap at 2. If accountability diffused, cap at 3.

Sheet Responses
A1: Enter 1–5 in Response. Pillar, Weight, and scoring auto-calculate.
A2: AssessmentID | B2: Entity | C2: Date | D2: QuestionID | E2: Question Text | F2: Pillar | G2: Response | H2: RespType | I2: Weight | J2: NormScore | K2: WeightedPts | L2: Guidance
A3: =Company_Profile!$B$5 | B3: =Company_Profile!$B$2 | C3: =Company_Profile!$B$6 | D3: SAF-01 | E3: =IFERROR(INDEX(Questions!$D$2:$D$999,MATCH($D3,Questions!$A$2:$A$999,0)),"") | F3: =IFERROR(INDEX(Questions!$B$2:$B$999,MATCH($D3,Questions!$A$2:$A$999,0)),"") | H3: =IFERROR(INDEX(Questions!$E$2:$E$999,MATCH($D3,Questions!$A$2:$A$999,0)),"") | I3: =IFERROR(INDEX(Questions!$F$2:$F$999,MATCH($D3,Questions!$A$2:$A$999,0)),"") | J3: =IF(OR($G3="", $G3=0), "", ($G3-1)/4) | K3: =IF($J3="","",$J3*$I3) | L3: =IFERROR(INDEX(Questions!$G$2:$G$999,MATCH($D3,Questions!$A$2:$A$999,0)),"")
A4: =Company_Profile!$B$5 | B4: =Company_Profile!$B$2 | C4: =Company_Profile!$B$6 | D4: SAF-02 | E4: =IFERROR(INDEX(Questions!$D$2:$D$999,MATCH($D4,Questions!$A$2:$A$999,0)),"") | F4: =IFERROR(INDEX(Questions!$B$2:$B$999,MATCH($D4,Questions!$A$2:$A$999,0)),"") | H4: =IFERROR(INDEX(Questions!$E$2:$E$999,MATCH($D4,Questions!$A$2:$A$999,0)),"") | I4: =IFERROR(INDEX(Questions!$F$2:$F$999,MATCH($D4,Questions!$A$2:$A$999,0)),"") | J4: =IF(OR($G4="", $G4=0), "", ($G4-1)/4) | K4: =IF($J4="","",$J4*$I4) | L4: =IFERROR(INDEX(Questions!$G$2:$G$999,MATCH($D4,Questions!$A$2:$A$999,0)),"")
A5: =Company_Profile!$B$5 | B5: =Company_Profile!$B$2 | C5: =Company_Profile!$B$6 | D5: SAF-03 | E5: =IFERROR(INDEX(Questions!$D$2:$D$999,MATCH($D5,Questions!$A$2:$A$999,0)),"") | F5: =IFERROR(INDEX(Questions!$B$2:$B$999,MATCH($D5,Questions!$A$2:$A$999,0)),"") | H5: =IFERROR(INDEX(Questions!$E$2:$E$999,MATCH($D5,Questions!$A$2:$A$999,0)),"") | I5: =IFERROR(INDEX(Questions!$F$2:$F$999,MATCH($D5,Questions!$A$2:$A$999,0)),"") | J5: =IF(OR($G5="", $G5=0), "", ($G5-1)/4) | K5: =IF($J5="","",$J5*$I5) | L5: =IFERROR(INDEX(Questions!$G$2:$G$999,MATCH($D5,Questions!$A$2:$A$999,0)),"")
A6: =Company_Profile!$B$5 | B6: =Company_Profile!$B$2 | C6: =Company_Profile!$B$6 | D6: SAF-04 | E6: =IFERROR(INDEX(Questions!$D$2:$D$999,MATCH($D6,Questions!$A$2:$A$999,0)),"") | F6: =IFERROR(INDEX(Questions!$B$2:$B$999,MATCH($D6,Questions!$A$2:$A$999,0)),"") | H6: =IFERROR(INDEX(Questions!$E$2:$E$999,MATCH($D6,Questions!$A$2:$A$999,0)),"") | I6: =IFERROR(INDEX(Questions!$F$2:$F$999,MATCH($D6,Questions!$A$2:$A$999,0)),"") | J6: =IF(OR($G6="", $G6=0), "", ($G6-1)/4) | K6: =IF($J6="","",$J6*$I6) | L6: =IFERROR(INDEX(Questions!$G$2:$G$999,MATCH($D6,Questions!$A$2:$A$999,0)),"")
A7: =Company_Profile!$B$5 | B7: =Company_Profile!$B$2 | C7: =Company_Profile!$B$6 | D7: SAF-05 | E7: =IFERROR(INDEX(Questions!$D$2:$D$999,MATCH($D7,Questions!$A$2:$A$999,0)),"") | F7: =IFERROR(INDEX(Questions!$B$2:$B$999,MATCH($D7,Questions!$A$2:$A$999,0)),"") | H7: =IFERROR(INDEX(Questions!$E$2:$E$999,MATCH($D7,Questions!$A$2:$A$999,0)),"") | I7: =IFERROR(INDEX(Questions!$F$2:$F$999,MATCH($D7,Questions!$A$2:$A$999,0)),"") | J7: =IF(OR($G7="", $G7=0), "", ($G7-1)/4) | K7: =IF($J7="","",$J7*$I7) | L7: =IFERROR(INDEX(Questions!$G$2:$G$999,MATCH($D7,Questions!$A$2:$A$999,0)),"")
A8: =Company_Profile!$B$5 | B8: =Company_Profile!$B$2 | C8: =Company_Profile!$B$6 | D8: SAF-06 | E8: =IFERROR(INDEX(Questions!$D$2:$D$999,MATCH($D8,Questions!$A$2:$A$999,0)),"") | F8: =IFERROR(INDEX(Questions!$B$2:$B$999,MATCH($D8,Questions!$A$2:$A$999,0)),"") | H8: =IFERROR(INDEX(Questions!$E$2:$E$999,MATCH($D8,Questions!$A$2:$A$999,0)),"") | I8: =IFERROR(INDEX(Questions!$F$2:$F$999,MATCH($D8,Questions!$A$2:$A$999,0)),"") | J8: =IF(OR($G8="", $G8=0), "", ($G8-1)/4) | K8: =IF($J8="","",$J8*$I8) | L8: =IFERROR(INDEX(Questions!$G$2:$G$999,MATCH($D8,Questions!$A$2:$A$999,0)),"")
A9: =Company_Profile!$B$5 | B9: =Company_Profile!$B$2 | C9: =Company_Profile!$B$6 | D9: WC-01 | E9: =IFERROR(INDEX(Questions!$D$2:$D$999,MATCH($D9,Questions!$A$2:$A$999,0)),"") | F9: =IFERROR(INDEX(Questions!$B$2:$B$999,MATCH($D9,Questions!$A$2:$A$999,0)),"") | H9: =IFERROR(INDEX(Questions!$E$2:$E$999,MATCH($D9,Questions!$A$2:$A$999,0)),"") | I9: =IFERROR(INDEX(Questions!$F$2:$F$999,MATCH($D9,Questions!$A$2:$A$999,0)),"") | J9: =IF(OR($G9="", $G9=0), "", ($G9-1)/4) | K9: =IF($J9="","",$J9*$I9) | L9: =IFERROR(INDEX(Questions!$G$2:$G$999,MATCH($D9,Questions!$A$2:$A$999,0)),"")
A10: =Company_Profile!$B$5 | B10: =Company_Profile!$B$2 | C10: =Company_Profile!$B$6 | D10: WC-02 | E10: =IFERROR(INDEX(Questions!$D$2:$D$999,MATCH($D10,Questions!$A$2:$A$999,0)),"") | F10: =IFERROR(INDEX(Questions!$B$2:$B$999,MATCH($D10,Questions!$A$2:$A$999,0)),"") | H10: =IFERROR(INDEX(Questions!$E$2:$E$999,MATCH($D10,Questions!$A$2:$A$999,0)),"") | I10: =IFERROR(INDEX(Questions!$F$2:$F$999,MATCH($D10,Questions!$A$2:$A$999,0)),"") | J10: =IF(OR($G10="", $G10=0), "", ($G10-1)/4) | K10: =IF($J10="","",$J10*$I10) | L10: =IFERROR(INDEX(Questions!$G$2:$G$999,MATCH($D10,Questions!$A$2:$A$999,0)),"")
A11: =Company_Profile!$B$5 | B11: =Company_Profile!$B$2 | C11: =Company_Profile!$B$6 | D11: WC-03 | E11: =IFERROR(INDEX(Questions!$D$2:$D$999,MATCH($D11,Questions!$A$2:$A$999,0)),"") | F11: =IFERROR(INDEX(Questions!$B$2:$B$999,MATCH($D11,Questions!$A$2:$A$999,0)),"") | H11: =IFERROR(INDEX(Questions!$E$2:$E$999,MATCH($D11,Questions!$A$2:$A$999,0)),"") | I11: =IFERROR(INDEX(Questions!$F$2:$F$999,MATCH($D11,Questions!$A$2:$A$999,0)),"") | J11: =IF(OR($G11="", $G11=0), "", ($G11-1)/4) | K11: =IF($J11="","",$J11*$I11) | L11: =IFERROR(INDEX(Questions!$G$2:$G$999,MATCH($D11,Questions!$A$2:$A$999,0)),"")
A12: =Company_Profile!$B$5 | B12: =Company_Profile!$B$2 | C12: =Company_Profile!$B$6 | D12: WC-04 | E12: =IFERROR(INDEX(Questions!$D$2:$D$999,MATCH($D12,Questions!$A$2:$A$999,0)),"") | F12: =IFERROR(INDEX(Questions!$B$2:$B$999,MATCH($D12,Questions!$A$2:$A$999,0)),"") | H12: =IFERROR(INDEX(Questions!$E$2:$E$999,MATCH($D12,Questions!$A$2:$A$999,0)),"") | I12: =IFERROR(INDEX(Questions!$F$2:$F$999,MATCH($D12,Questions!$A$2:$A$999,0)),"") | J12: =IF(OR($G12="", $G12=0), "", ($G12-1)/4) | K12: =IF($J12="","",$J12*$I12) | L12: =IFERROR(INDEX(Questions!$G$2:$G$999,MATCH($D12,Questions!$A$2:$A$999,0)),"")
A13: =Company_Profile!$B$5 | B13: =Company_Profile!$B$2 | C13: =Company_Profile!$B$6 | D13: WC-05 | E13: =IFERROR(INDEX(Questions!$D$2:$D$999,MATCH($D13,Questions!$A$2:$A$999,0)),"") | F13: =IFERROR(INDEX(Questions!$B$2:$B$999,MATCH($D13,Questions!$A$2:$A$999,0)),"") | H13: =IFERROR(INDEX(Questions!$E$2:$E$999,MATCH($D13,Questions!$A$2:$A$999,0)),"") | I13: =IFERROR(INDEX(Questions!$F$2:$F$999,MATCH($D13,Questions!$A$2:$A$999,0)),"") | J13: =IF(OR($G13="", $G13=0), "", ($G13-1)/4) | K13: =IF($J13="","",$J13*$I13) | L13: =IFERROR(INDEX(Questions!$G$2:$G$999,MATCH($D13,Questions!$A$2:$A$999,0)),"")
A14: =Company_Profile!$B$5 | B14: =Company_Profile!$B$2 | C14: =Company_Profile!$B$6 | D14: WC-06 | E14: =IFERROR(INDEX(Questions!$D$2:$D$999,MATCH($D14,Questions!$A$2:$A$999,0)),"") | F14: =IFERROR(INDEX(Questions!$B$2:$B$999,MATCH($D14,Questions!$A$2:$A$999,0)),"") | H14: =IFERROR(INDEX(Questions!$E$2:$E$999,MATCH($D14,Questions!$A$2:$A$999,0)),"") | I14: =IFERROR(INDEX(Questions!$F$2:$F$999,MATCH($D14,Questions!$A$2:$A$999,0)),"") | J14: =IF(OR($G14="", $G14=0), "", ($G14-1)/4) | K14: =IF($J14="","",$J14*$I14) | L14: =IFERROR(INDEX(Questions!$G$2:$G$999,MATCH($D14,Questions!$A$2:$A$999,0)),"")
... A22: =Company_Profile!$B$5 | B22: =Company_Profile!$B$2 | C22: =Company_Profile!$B$6 | D22: FL-08 | E22: =IFERROR(INDEX(Questions!$D$2:$D$999,MATCH($D22,Questions!$A$2:$A$999,0)),"") | F22: =IFERROR(INDEX(Questions!$B$2:$B$999,MATCH($D22,Questions!$A$2:$A$999,0)),"") | H22: =IFERROR(INDEX(Questions!$E$2:$E$999,MATCH($D22,Questions!$A$2:$A$999,0)),"") | I22: =IFERROR(INDEX(Questions!$F$2:$F$999,MATCH($D22,Questions!$A$2:$A$999,0)),"") | J22: =IF(OR($G22="", $G22=0), "", ($G22-1)/4) | K22: =IF($J22="","",$J22*$I22) | L22: =IFERROR(INDEX(Questions!$G$2:$G$999,MATCH($D22,Questions!$A$2:$A$999,0)),"")

Sheet Summary
A1: Assessment Summary
A3: Assessment ID | B3: =Company_Profile!$B$5 | D3: TotalQuestions | E3: 20
A4: Entity | B4: =Company_Profile!$B$2
A5: Date | B5: =Company_Profile!$B$6
A7: Completion % | B7: =IFERROR(ROUND(100*COUNT(Responses!$G$3:$G$999)/$E$3,0),0)
A8: Overall Score (0-100) | B8: =IF(COUNT(Responses!$G$3:$G$999)<$E$3,"",ROUND(100*SUM(Responses!$K$3:$K$999),1))
A9: Overall Rating | B9: =IF(B8="","",INDEX(Config!$C$8:$C$11, MATCH(B8, Config!$A$8:$A$11, 1)))
A11: Pillar Scores
A12: Pillar | B12: Score (0-100) | C12: Weight Share
A13: Safety | B13: =IF($C13=0,"",ROUND(100*SUMIF(Responses!$F$3:$F$999,"Safety",Responses!$K$3:$K$999)/$C13,1)) | C13: 0.4
A14: WorkersComp | B14: =IF($C14=0,"",ROUND(100*SUMIF(Responses!$F$3:$F$999,"WorkersComp",Responses!$K$3:$K$999)/$C14,1)) | C14: 0.2
A15: Fleet | B15: =IF($C15=0,"",ROUND(100*SUMIF(Responses!$F$3:$F$999,"Fleet",Responses!$K$3:$K$999)/$C15,1)) | C15: 0.4
A17: Question-Level Detail
A18: QuestionID | B18: Pillar | C18: Topic | D18: Weight | E18: Response | F18: NormScore | G18: WeightedPts
A19: SAF-01 | B19: =IFERROR(INDEX(Questions!$B$2:$B$999,MATCH(A19,Questions!$A$2:$A$999,0)),"") | C19: =IFERROR(INDEX(Questions!$C$2:$C$999,MATCH(A19,Questions!$A$2:$A$999,0)),"") | D19: =IFERROR(INDEX(Questions!$E$2:$E$999,MATCH(A19,Questions!$A$2:$A$999,0)),0) | E19: =IFERROR(INDEX(Responses!$G$3:$G$999,MATCH($A19,Responses!$D$3:$D$999,0)),"") | F19: =IFERROR(INDEX(Responses!$J$3:$J$999,MATCH($A19,Responses!$D$3:$D$999,0)),"") | G19: =IFERROR(INDEX(Responses!$K$3:$K$999,MATCH($A19,Responses!$D$3:$D$999,0)),"")
A20: Safety Pillar Score (Adjusted) | B20: =IF(Subcontractor_SubScore!C3<=2,MIN(B19,'Score Interpretation'!B3),AVERAGE(B15:B19)) | C20: =IFERROR(INDEX(Questions!$C$2:$C$999,MATCH(A20,Questions!$A$2:$A$999,0)),"") | D20: =IFERROR(INDEX(Questions!$E$2:$E$999,MATCH(A20,Questions!$A$2:$A$999,0)),0) | E20: =IFERROR(INDEX(Responses!$G$3:$G$999,MATCH($A20,Responses!$D$3:$D$999,0)),"") | F20: =IFERROR(INDEX(Responses!$J$3:$J$999,MATCH($A20,Responses!$D$3:$D$999,0)),"") | G20: =IFERROR(INDEX(Responses!$K$3:$K$999,MATCH($A20,Responses!$D$3:$D$999,0)),"")
A21: Subcontractor Guardrail Triggered | B21: =IF(Subcontractor_SubScore!C3<=2,"YES","NO") | C21: =IFERROR(INDEX(Questions!$C$2:$C$999,MATCH(A21,Questions!$A$2:$A$999,0)),"") | D21: =IFERROR(INDEX(Questions!$E$2:$E$999,MATCH(A21,Questions!$A$2:$A$999,0)),0) | E21: =IFERROR(INDEX(Responses!$G$3:$G$999,MATCH($A21,Responses!$D$3:$D$999,0)),"") | F21: =IFERROR(INDEX(Responses!$J$3:$J$999,MATCH($A21,Responses!$D$3:$D$999,0)),"") | G21: =IFERROR(INDEX(Responses!$K$3:$K$999,MATCH($A21,Responses!$D$3:$D$999,0)),"")
A22: SAF-04 | B22: =IFERROR(INDEX(Questions!$B$2:$B$999,MATCH(A22,Questions!$A$2:$A$999,0)),"") | C22: =IFERROR(INDEX(Questions!$C$2:$C$999,MATCH(A22,Questions!$A$2:$A$999,0)),"") | D22: =IFERROR(INDEX(Questions!$E$2:$E$999,MATCH(A22,Questions!$A$2:$A$999,0)),0) | E22: =IFERROR(INDEX(Responses!$G$3:$G$999,MATCH($A22,Responses!$D$3:$D$999,0)),"") | F22: =IFERROR(INDEX(Responses!$J$3:$J$999,MATCH($A22,Responses!$D$3:$D$999,0)),"") | G22: =IFERROR(INDEX(Responses!$K$3:$K$999,MATCH($A22,Responses!$D$3:$D$999,0)),"")
A23: SAF-05 | B23: =IFERROR(INDEX(Questions!$B$2:$B$999,MATCH(A23,Questions!$A$2:$A$999,0)),"") | C23: =IFERROR(INDEX(Questions!$C$2:$C$999,MATCH(A23,Questions!$A$2:$A$999,0)),"") | D23: =IFERROR(INDEX(Questions!$E$2:$E$999,MATCH(A23,Questions!$A$2:$A$999,0)),0) | E23: =IFERROR(INDEX(Responses!$G$3:$G$999,MATCH($A23,Responses!$D$3:$D$999,0)),"") | F23: =IFERROR(INDEX(Responses!$J$3:$J$999,MATCH($A23,Responses!$D$3:$D$999,0)),"") | G23: =IFERROR(INDEX(Responses!$K$3:$K$999,MATCH($A23,Responses!$D$3:$D$999,0)),"")
A24: SAF-06 | B24: =IFERROR(INDEX(Questions!$B$2:$B$999,MATCH(A24,Questions!$A$2:$A$999,0)),"") | C24: =IFERROR(INDEX(Questions!$C$2:$C$999,MATCH(A24,Questions!$A$2:$A$999,0)),"") | D24: =IFERROR(INDEX(Questions!$E$2:$E$999,MATCH(A24,Questions!$A$2:$A$999,0)),0) | E24: =IFERROR(INDEX(Responses!$G$3:$G$999,MATCH($A24,Responses!$D$3:$D$999,0)),"") | F24: =IFERROR(INDEX(Responses!$J$3:$J$999,MATCH($A24,Responses!$D$3:$D$999,0)),"") | G24: =IFERROR(INDEX(Responses!$K$3:$K$999,MATCH($A24,Responses!$D$3:$D$999,0)),"")
A25: WC-01 | B25: =IFERROR(INDEX(Questions!$B$2:$B$999,MATCH(A25,Questions!$A$2:$A$999,0)),"") | C25: =IFERROR(INDEX(Questions!$C$2:$C$999,MATCH(A25,Questions!$A$2:$A$999,0)),"") | D25: =IFERROR(INDEX(Questions!$E$2:$E$999,MATCH(A25,Questions!$A$2:$A$999,0)),0) | E25: =IFERROR(INDEX(Responses!$G$3:$G$999,MATCH($A25,Responses!$D$3:$D$999,0)),"") | F25: =IFERROR(INDEX(Responses!$J$3:$J$999,MATCH($A25,Responses!$D$3:$D$999,0)),"") | G25: =IFERROR(INDEX(Responses!$K$3:$K$999,MATCH($A25,Responses!$D$3:$D$999,0)),"")
A26: WC-02 | B26: =IFERROR(INDEX(Questions!$B$2:$B$999,MATCH(A26,Questions!$A$2:$A$999,0)),"") | C26: =IFERROR(INDEX(Questions!$C$2:$C$999,MATCH(A26,Questions!$A$2:$A$999,0)),"") | D26: =IFERROR(INDEX(Questions!$E$2:$E$999,MATCH(A26,Questions!$A$2:$A$999,0)),0) | E26: =IFERROR(INDEX(Responses!$G$3:$G$999,MATCH($A26,Responses!$D$3:$D$999,0)),"") | F26: =IFERROR(INDEX(Responses!$J$3:$J$999,MATCH($A26,Responses!$D$3:$D$999,0)),"") | G26: =IFERROR(INDEX(Responses!$K$3:$K$999,MATCH($A26,Responses!$D$3:$D$999,0)),"")
A27: WC-03 | B27: =IFERROR(INDEX(Questions!$B$2:$B$999,MATCH(A27,Questions!$A$2:$A$999,0)),"") | C27: =IFERROR(INDEX(Questions!$C$2:$C$999,MATCH(A27,Questions!$A$2:$A$999,0)),"") | D27: =IFERROR(INDEX(Questions!$E$2:$E$999,MATCH(A27,Questions!$A$2:$A$999,0)),0) | E27: =IFERROR(INDEX(Responses!$G$3:$G$999,MATCH($A27,Responses!$D$3:$D$999,0)),"") | F27: =IFERROR(INDEX(Responses!$J$3:$J$999,MATCH($A27,Responses!$D$3:$D$999,0)),"") | G27: =IFERROR(INDEX(Responses!$K$3:$K$999,MATCH($A27,Responses!$D$3:$D$999,0)),"")
A28: WC-04 | B28: =IFERROR(INDEX(Questions!$B$2:$B$999,MATCH(A28,Questions!$A$2:$A$999,0)),"") | C28: =IFERROR(INDEX(Questions!$C$2:$C$999,MATCH(A28,Questions!$A$2:$A$999,0)),"") | D28: =IFERROR(INDEX(Questions!$E$2:$E$999,MATCH(A28,Questions!$A$2:$A$999,0)),0) | E28: =IFERROR(INDEX(Responses!$G$3:$G$999,MATCH($A28,Responses!$D$3:$D$999,0)),"") | F28: =IFERROR(INDEX(Responses!$J$3:$J$999,MATCH($A28,Responses!$D$3:$D$999,0)),"") | G28: =IFERROR(INDEX(Responses!$K$3:$K$999,MATCH($A28,Responses!$D$3:$D$999,0)),"")
A29: WC-05 | B29: =IFERROR(INDEX(Questions!$B$2:$B$999,MATCH(A29,Questions!$A$2:$A$999,0)),"") | C29: =IFERROR(INDEX(Questions!$C$2:$C$999,MATCH(A29,Questions!$A$2:$A$999,0)),"") | D29: =IFERROR(INDEX(Questions!$E$2:$E$999,MATCH(A29,Questions!$A$2:$A$999,0)),0) | E29: =IFERROR(INDEX(Responses!$G$3:$G$999,MATCH($A29,Responses!$D$3:$D$999,0)),"") | F29: =IFERROR(INDEX(Responses!$J$3:$J$999,MATCH($A29,Responses!$D$3:$D$999,0)),"") | G29: =IFERROR(INDEX(Responses!$K$3:$K$999,MATCH($A29,Responses!$D$3:$D$999,0)),"")
A30: WC-06 | B30: =IFERROR(INDEX(Questions!$B$2:$B$999,MATCH(A30,Questions!$A$2:$A$999,0)),"") | C30: =IFERROR(INDEX(Questions!$C$2:$C$999,MATCH(A30,Questions!$A$2:$A$999,0)),"") | D30: =IFERROR(INDEX(Questions!$E$2:$E$999,MATCH(A30,Questions!$A$2:$A$999,0)),0) | E30: =IFERROR(INDEX(Responses!$G$3:$G$999,MATCH($A30,Responses!$D$3:$D$999,0)),"") | F30: =IFERROR(INDEX(Responses!$J$3:$J$999,MATCH($A30,Responses!$D$3:$D$999,0)),"") | G30: =IFERROR(INDEX(Responses!$K$3:$K$999,MATCH($A30,Responses!$D$3:$D$999,0)),"")
A31: FL-01 | B31: =IFERROR(INDEX(Questions!$B$2:$B$999,MATCH(A31,Questions!$A$2:$A$999,0)),"") | C31: =IFERROR(INDEX(Questions!$C$2:$C$999,MATCH(A31,Questions!$A$2:$A$999,0)),"") | D31: =IFERROR(INDEX(Questions!$E$2:$E$999,MATCH(A31,Questions!$A$2:$A$999,0)),0) | E31: =IFERROR(INDEX(Responses!$G$3:$G$999,MATCH($A31,Responses!$D$3:$D$999,0)),"") | F31: =IFERROR(INDEX(Responses!$J$3:$J$999,MATCH($A31,Responses!$D$3:$D$999,0)),"") | G31: =IFERROR(INDEX(Responses!$K$3:$K$999,MATCH($A31,Responses!$D$3:$D$999,0)),"")
A32: FL-02 | B32: =IFERROR(INDEX(Questions!$B$2:$B$999,MATCH(A32,Questions!$A$2:$A$999,0)),"") | C32: =IFERROR(INDEX(Questions!$C$2:$C$999,MATCH(A32,Questions!$A$2:$A$999,0)),"") | D32: =IFERROR(INDEX(Questions!$E$2:$E$999,MATCH(A32,Questions!$A$2:$A$999,0)),0) | E32: =IFERROR(INDEX(Responses!$G$3:$G$999,MATCH($A32,Responses!$D$3:$D$999,0)),"") | F32: =IFERROR(INDEX(Responses!$J$3:$J$999,MATCH($A32,Responses!$D$3:$D$999,0)),"") | G32: =IFERROR(INDEX(Responses!$K$3:$K$999,MATCH($A32,Responses!$D$3:$D$999,0)),"")
A33: FL-03 | B33: =IFERROR(INDEX(Questions!$B$2:$B$999,MATCH(A33,Questions!$A$2:$A$999,0)),"") | C33: =IFERROR(INDEX(Questions!$C$2:$C$999,MATCH(A33,Questions!$A$2:$A$999,0)),"") | D33: =IFERROR(INDEX(Questions!$E$2:$E$999,MATCH(A33,Questions!$A$2:$A$999,0)),0) | E33: =IFERROR(INDEX(Responses!$G$3:$G$999,MATCH($A33,Responses!$D$3:$D$999,0)),"") | F33: =IFERROR(INDEX(Responses!$J$3:$J$999,MATCH($A33,Responses!$D$3:$D$999,0)),"") | G33: =IFERROR(INDEX(Responses!$K$3:$K$999,MATCH($A33,Responses!$D$3:$D$999,0)),"")
... A38: FL-08 | B38: =IFERROR(INDEX(Questions!$B$2:$B$999,MATCH(A38,Questions!$A$2:$A$999,0)),"") | C38: =IFERROR(INDEX(Questions!$C$2:$C$999,MATCH(A38,Questions!$A$2:$A$999,0)),"") | D38: =IFERROR(INDEX(Questions!$E$2:$E$999,MATCH(A38,Questions!$A$2:$A$999,0)),0) | E38: =IFERROR(INDEX(Responses!$G$3:$G$999,MATCH($A38,Responses!$D$3:$D$999,0)),"") | F38: =IFERROR(INDEX(Responses!$J$3:$J$999,MATCH($A38,Responses!$D$3:$D$999,0)),"") | G38: =IFERROR(INDEX(Responses!$K$3:$K$999,MATCH($A38,Responses!$D$3:$D$999,0)),"")

Sheet Question Guide
A1: Risk App – Question Guide & Scoring Intent
A3: This worksheet explains the intent behind each question and how to score it. Use this guide to ensure scoring reflects actual practices, not written policies alone.
A4: Question ID | B4: Pillar | C4: Topic | D4: Why This Matters | E4: What Good Looks Like (High Score) | F4: Common Scoring Pitfalls | G4: Key Scoring Notes
A6: SAF-01 | B6: Safety | C6: Policy Review & Leadership | D6: Measures whether this control actively reduces risk and influences behavior, not just whether a policy or process exists. | E6: Practices are consistent, documented, owned by leadership or supervisors, and verified through action, follow-up, or outcomes. | F6: Scoring based on written policy only; assuming responsibility is handled elsewhere; counting infrequent or reactive actions as mature practices. | G6: Constraint: if not reviewed on a defined interval, cap at 3.
A7: SAF-02 | B7: Safety | C7: Training (Hire + Method + Verification) | D7: Measures whether this control actively reduces risk and influences behavior, not just whether a policy or process exists. | E7: Practices are consistent, documented, owned by leadership or supervisors, and verified through action, follow-up, or outcomes. | F7: Scoring based on written policy only; assuming responsibility is handled elsewhere; counting infrequent or reactive actions as mature practices. | G7: Constraint: if employees work before training, cap at 2.
A8: SAF-03 | B8: Safety | C8: Incidents & Near-Misses (System Fixes) | D8: Measures whether this control actively reduces risk and influences behavior, not just whether a policy or process exists. | E8: Practices are consistent, documented, owned by leadership or supervisors, and verified through action, follow-up, or outcomes. | F8: Scoring based on written policy only; assuming responsibility is handled elsewhere; counting infrequent or reactive actions as mature practices. | G8: Constraint: if near-misses not reviewed, cap at 2. If only employee blame, cap at 3.
A9: SAF-04 | B9: Safety | C9: Supervisor Observations & Coaching (System Focus) | D9: Measures whether this control actively reduces risk and influences behavior, not just whether a policy or process exists. | E9: Practices are consistent, documented, owned by leadership or supervisors, and verified through action, follow-up, or outcomes. | F9: Scoring based on written policy only; assuming responsibility is handled elsewhere; counting infrequent or reactive actions as mature practices. | G9: Constraint: if observations are primarily punitive/behavior-only, cap at 2.
A10: SAF-05 | B10: Safety | C10: Frontline Hazard Reporting (No Fear + Feedback) | D10: Measures whether this control actively reduces risk and influences behavior, not just whether a policy or process exists. | E10: Practices are consistent, documented, owned by leadership or supervisors, and verified through action, follow-up, or outcomes. | F10: Scoring based on written policy only; assuming responsibility is handled elsewhere; counting infrequent or reactive actions as mature practices. | G10: Constraint: if reporting leads to blame/discipline, cap at 1. If no feedback loop, cap at 3.
A11: SAF-06 | B11: Safety | C11: Management Review & Action (Decisions + Follow-through) | D11: Measures whether this control actively reduces risk and influences behavior, not just whether a policy or process exists. | E11: Practices are consistent, documented, owned by leadership or supervisors, and verified through action, follow-up, or outcomes. | F11: Scoring based on written policy only; assuming responsibility is handled elsewhere; counting infrequent or reactive actions as mature practices. | G11: Constraint: if lagging-only review, cap at 2. If actions not resourced, cap at 3.
A12: WC-01 | B12: WorkersComp | C12: Injury Reporting Timeliness & Accountability | D12: Measures whether this control actively reduces risk and influences behavior, not just whether a policy or process exists. | E12: Practices are consistent, documented, owned by leadership or supervisors, and verified through action, follow-up, or outcomes. | F12: Scoring based on written policy only; assuming responsibility is handled elsewhere; counting infrequent or reactive actions as mature practices. | G12: Constraint: delayed reporting that prevents early medical intervention/RTW caps at 2.
A13: WC-02 | B13: WorkersComp | C13: Medical Direction (Clinics + Nurse Triage + Telemedicine) | D13: Measures whether this control actively reduces risk and influences behavior, not just whether a policy or process exists. | E13: Practices are consistent, documented, owned by leadership or supervisors, and verified through action, follow-up, or outcomes. | F13: Scoring based on written policy only; assuming responsibility is handled elsewhere; counting infrequent or reactive actions as mature practices. | G13: Constraint: if employees choose initial providers without direction, cap at 2. For remote/multi-state, no triage/telemed caps at 3.
A14: WC-03 | B14: WorkersComp | C14: Return-to-Work Execution (Transitional Duty) | D14: Measures whether this control actively reduces risk and influences behavior, not just whether a policy or process exists. | E14: Practices are consistent, documented, owned by leadership or supervisors, and verified through action, follow-up, or outcomes. | F14: Scoring based on written policy only; assuming responsibility is handled elsewhere; counting infrequent or reactive actions as mature practices. | G14: Constraint: if transitional duty not identified in advance, cap at 3. If supervisors resist restrictions, cap at 2.
A15: WC-04 | B15: WorkersComp | C15: Claim Oversight (Ownership to Closure) | D15: Measures whether this control actively reduces risk and influences behavior, not just whether a policy or process exists. | E15: Practices are consistent, documented, owned by leadership or supervisors, and verified through action, follow-up, or outcomes. | F15: Scoring based on written policy only; assuming responsibility is handled elsewhere; counting infrequent or reactive actions as mature practices. | G15: Constraint: if no specific internal role follows claims to closure, cap at 2. Renewal-only review caps at 2.
A16: WC-05 | B16: WorkersComp | C16: Claims Review Intervals (Open Claims + Trends + Action) | D16: Measures whether this control actively reduces risk and influences behavior, not just whether a policy or process exists. | E16: Practices are consistent, documented, owned by leadership or supervisors, and verified through action, follow-up, or outcomes. | F16: Scoring based on written policy only; assuming responsibility is handled elsewhere; counting infrequent or reactive actions as mature practices. | G16: Constraint: renewal-only caps at 2. If open claims not reviewed regularly to drive closure, cap at 3.
... A25: FL-08 | B25: Fleet | C25: Management Review + Accountability (Fleet) | D25: Measures whether this control actively reduces risk and influences behavior, not just whether a policy or process exists. | E25: Practices are consistent, documented, owned by leadership or supervisors, and verified through action, follow-up, or outcomes. | F25: Scoring based on written policy only; assuming responsibility is handled elsewhere; counting infrequent or reactive actions as mature practices. | G25: Constraint: if no defined cadence, cap at 2. If accountability diffused, cap at 3.

Sheet Assessment Questions
A1: Assessment Questions – Reference View
A2: Question ID | B2: Pillar | C2: Topic | D2: Full Question | E2: Weight
A4: SAF-01 | B4: Safety | C4: Policy Review & Leadership | D4: Is there a formal safety policy, how often is it reviewed, and how is executive leadership involved in supporting and enforcing safety expectations? | E4: 0.04
A5: SAF-02 | B5: Safety | C5: Training (Hire + Method + Verification) | D5: At what point do employees receive safety training, how often is it conducted, by what methods, and how is understanding or competency verified? | E5: 0.08
A6: SAF-03 | B6: Safety | C6: Incidents & Near-Misses (System Fixes) | D6: How are safety incidents and near-misses investigated, how are deficiencies in safety management systems identified, and how are those deficiencies corrected? | E6: 0.06
A7: SAF-04 | B7: Safety | C7: Supervisor Observations & Coaching (System Focus) | D7: How do supervisors conduct safety observations, provide coaching, and address system-level contributors rather than placing blame solely on employees? | E7: 0.08
A8: SAF-05 | B8: Safety | C8: Frontline Hazard Reporting (No Fear + Feedback) | D8: How do frontline employees report hazards and unsafe conditions without fear of reprisal, and how are those reports tracked, addressed, and communicated back? | E8: 0.08
A9: SAF-06 | B9: Safety | C9: Management Review & Action (Decisions + Follow-through) | D9: How does management review safety performance, what decisions are made as a result, and how is follow-through verified? | E9: 0.06
A10: WC-01 | B10: WorkersComp | C10: Injury Reporting Timeliness & Accountability | D10: How are work-related injuries reported, who is responsible for reporting, and how is timely reporting enforced to preserve medical-only and return-to-work outcomes? | E10: 0.04
A11: WC-02 | B11: WorkersComp | C11: Medical Direction (Clinics + Nurse Triage + Telemedicine) | D11: How is medical care directed following an injury, including use of nurse triage, telemedicine, and vetted occupational medical providers? | E11: 0.04
A12: WC-03 | B12: WorkersComp | C12: Return-to-Work Execution (Transitional Duty) | D12: How does the organization implement and manage return-to-work or transitional duty to reduce lost time and support recovery? | E12: 0.04
A13: WC-04 | B13: WorkersComp | C13: Claim Oversight (Ownership to Closure) | D13: Who is responsible for managing workers’ compensation claims from initial report through closure, and how is progress monitored? | E13: 0.03
A14: WC-05 | B14: WorkersComp | C14: Claims Review Intervals (Open Claims + Trends + Action) | D14: At what intervals are workers’ compensation claims reviewed, and how are open claims, trends, and corrective actions tracked? | E14: 0.03
A15: WC-06 | B15: WorkersComp | C15: Employee Trust & Check-In Cadence | D15: Who maintains contact with injured employees, how often do check-ins occur, and how is trust maintained throughout the claim? | E15: 0.02
... A23: FL-08 | B23: Fleet | C23: Management Review + Accountability (Fleet) | D23: How does leadership review fleet risk performance, assign accountability, and take action based on fleet risk metrics? | E23: 0.01

Sheet Score Interpretation
A1: Risk Score Interpretation & Action Guidance
A3: This page explains what overall and pillar scores indicate about an organization’s risk posture and provides guidance on where to focus corrective action.
A4: Score Range | B4: Rating | C4: What This Means | D4: Primary Risk Signal | E4: Recommended Focus
A6: 0–54 | B6: High Risk | C6: Controls are largely reactive or missing. Risk is unmanaged and loss severity potential is high. | D6: Lack of leading indicators, unclear ownership, delayed action. | E6: Establish basic controls, assign ownership, and implement immediate leading-indicator actions.
A7: 55–69 | B7: Elevated Risk | C7: Some controls exist but are inconsistent or poorly enforced. | D7: Paper programs without behavioral execution; gaps between policy and practice. | E7: Stabilize fundamentals, verify training and supervision, close known gaps.
A8: 70–84 | B8: Moderate Risk | C8: Core systems are in place and functioning but lack consistency or depth. | D8: Risk is managed but vulnerable to drift or localized failure. | E8: Strengthen verification, coaching, and management review cadence.
A9: 85–100 | B9: Strong / Low Risk | C9: Controls are proactive, owned, and verified. Risk is actively managed. | D9: Strong leading indicators and leadership engagement. | E9: Maintain discipline, refine based on trends, and share best practices.
A11: Pillar-Level Interpretation
A12: Pillar | B12: What a Low Score Usually Indicates | C12: Common Root Causes | D12: Priority Actions
A13: Safety / Injury Prevention | B13: Weak frontline controls and inconsistent supervision. | C13: Training gaps, blame-focused investigations, poor hazard reporting culture. | D13: Focus on supervisor engagement, frontline reporting, and system-level fixes.
A14: Workers’ Compensation Execution | B14: Delayed reporting and poor claim ownership. | C14: Unclear responsibilities, weak RTW, limited medical direction. | D14: Tighten reporting timelines, assign claim owners, and formalize RTW.
A15: Fleet Safety | B15: High exposure to catastrophic loss. | C15: Unmonitored drivers, ignored telematics data, unmanaged journey risk. | D15: Implement journey management, enforce driver qualification, act on driving data.

Sheet Narrative Generator
A1: Executive Risk Narrative Generator
A3: This narrative is auto-generated based on the assessment score and is intended for use in executive summaries, underwriting submissions, and renewal discussions.
A6: Inputs
A7: Overall Score | B7: =Summary!B8
A8: Overall Rating | B8: =Summary!B9
A9: Primary Weak Pillar (if applicable) | B9: =IFERROR(INDEX(Summary!A13:A15,MATCH(MIN(Summary!B13:B15),Summary!B13:B15,0)),"")
A11: Generated Executive Narrative
A12: =IF(B7="", "", IF(B7>=85, "Based on the results of the risk assessment, this organization demonstrates a disciplined and proactive approach to managing operational safety, workers’ compensation, and fleet exposure. Core risk controls are clearly defined, actively executed, and supported by leadership. The assessment indicates that risk management practices extend beyond written programs and are reinforced through verified training, supervisor engagement, and ongoing review of leading indicators. Overall, the organization presents as a well-managed risk with mature controls and a stable loss prevention posture suitable for favorable underwriting consideration.", IF(B7>=70, "The assessment indicates that core risk management controls are in place and functioning across safety, workers’ compensation, and fleet operations. Execution is generally consistent, with opportunities to strengthen verification and trend-based intervention. The organization demonstrates positive momentum and a commitment to continuous improvement, positioning the account as a stable risk with improving discipline and direction.", IF(B7>=55, "The assessment reflects foundational risk management programs with partial execution across operations. While policies and processes are established, consistency and follow-through vary by function or location. The organization has identified these gaps and is focused on improving supervisor engagement, strengthening leading indicators, and reinforcing accountability to enhance overall risk performance.", "The assessment identified several areas where risk controls are not yet consistently executed or verified. These gaps relate primarily to ownership clarity, timing of training and intervention, and consistency of application across operations. In response, the organization is implementing a structured improvement approach focused on strengthening leading indicators, assigning accountability, and demonstrating measurable progress over the upcoming policy period." )))
A22: =IF(B9="", "", "Primary improvement focus has been identified within the " & B9 & " pillar, where targeted actions are being implemented to improve execution, oversight, and consistency. Progress in this area is expected to strengthen overall risk performance and further support underwriting confidence.")
A30: Subcontractor Risk Narrative | B30: =IF(Subcontractor_SubScore!C3<=2,"Subcontractor insurance coverage continuity presents a material upstream risk. Active monitoring and lapse detection must be implemented to stabilize risk transfer before submission.",IF(Subcontractor_SubScore!E6>=4,"Subcontractor safety and risk transfer controls are well-integrated, reducing downstream loss volatility and improving carrier confidence.","Subcontractor safety controls are partially implemented; targeted improvements in oversight, insurance verification, or contractual alignment will strengthen the risk profile."))
A32: Action Register Summary | B32: =IFERROR("Open Actions: "&COUNTIF(Action_Register!O:O,"Open")&" | Verified: "&COUNTIF(Action_Register!O:O,"Verified")&" | Closed: "&COUNTIF(Action_Register!O:O,"Closed"),"")
A33: Action Register Exceptions | B33: =IFERROR("Blocked Closures: "&COUNTIF(Action_Register!AE:AE,"BLOCKED")&" | Validator Role Checks: "&COUNTIF(Action_Register!AF:AF,"CHECK"),"")
A34: Outcome Tracking Summary | B34: =IFERROR("Most Recent Loss Ratio: "&TEXT(LOOKUP(2,1/(Outcome_Tracking!K:K<>""),Outcome_Tracking!K:K),"0.00%")&" | Trend: "&LOOKUP(2,1/(Outcome_Tracking!M:M<>""),Outcome_Tracking!M:M),"")
A35: Execution Momentum | B35: =IFERROR("Actions Closed Since Last Checkpoint: "&LOOKUP(2,1/(Outcome_Tracking!Q:Q<>""),Outcome_Tracking!Q:Q),"")

Sheet Subcontractor_SubScore
A1: Sub-Control | B1: Description | C1: Score (1-5) | D1: Weight | E1: Weighted Score
A2: Safety Training & Oversight | B2: Subs must bring their own safety program AND comply with company rules; includes orientation, audits, enforcement. | D2: 0.3 | E2: =C2*D2
A3: Ongoing Insurance Verification | B3: Insurance verified continuously; lapses detected and escalated. | D3: 0.4 | E3: =C3*D3
A4: Coverage & Contract Integrity | B4: AI status, primary & non-contributory, indemnity alignment, exclusion review. | D4: 0.3 | E4: =C4*D4
A6: Subcontractor Sub-Score (Weighted Avg) | E6: =SUM(E2:E4)

Sheet Action_Templates
A1: Template_ID | B1: Template_Name | C1: Pillar | D1: Subscore | E1: Severity_Class | F1: Trigger_Type | G1: Trigger_Condition | H1: Required_Action | I1: Rationale | J1: Default_Priority | K1: Responsible_Role | L1: Blocking_Flag | M1: Evidence_Types_Required | N1: Minimum_Validator_Role | O1: Closure_Condition | P1: Version | Q1: Is_Active
A2: SAF-SUB-INS-001 | B2: Continuous Subcontractor Insurance Monitoring | C2: Safety | D2: Subcontractor – Insurance Continuity | E2: Financial/Legal | F2: Guardrail | G2: Insurance Continuity <= 2 | H2: Implement a process to continuously monitor subcontractor insurance coverage for policy status, renewals, and lapses throughout the duration of work. | I2: One-time insurance verification does not prevent mid-project coverage lapses, resulting in upstream uninsured exposure. | J2: Critical | K2: Insured (primary); Producer (support) | L2: YES | M2: COI monitoring log/system report; renewal tracking documentation | N2: Producer/Risk Consultant | O2: Evidence reviewed/validated; coverage confirmed current at validation | P2: 1.0 | Q2: YES
A3: SAF-SUB-TRN-001 | B3: Subcontractor Safety Program Submission & Alignment | C3: Safety | D3: Subcontractor – Training & Oversight | E3: Operational | F3: Score Threshold | G3: Training & Oversight <= 3 | H3: Require subcontractors to submit their written safety programs and confirm alignment with company safety rules prior to beginning work. | I3: Absence of verified subcontractor safety programs limits assurance of independent safety competency and increases exposure to preventable incidents. | J3: High | K3: Insured (primary); Risk Consultant (review) | L3: NO | M3: Sub safety programs; alignment review checklist | N3: Risk Consultant | O3: Evidence reviewed/validated; alignment review documented | P3: 1.0 | Q3: YES
A4: SAF-SUB-TRN-002 | B4: Site-Specific Safety Orientation | C4: Safety | D4: Subcontractor – Training & Oversight | E4: Operational | F4: Score Threshold | G4: Training & Oversight <= 3 | H4: Implement and document a site-specific safety orientation for all subcontractor personnel prior to beginning work. | I4: Site-specific hazards require documented orientation to establish expectations, authority, and enforcement standards. | J4: Medium-High | K4: Insured | L4: NO | M4: Orientation materials; attendance/sign-in records; orientation procedure | N4: Insured + Risk Consultant (review) | O4: Evidence reviewed/validated; orientation records complete | P4: 1.0 | Q4: YES
A5: SAF-SUB-CRT-001 | B5: Contractual Insurance Requirement Standardization | C5: Safety | D5: Subcontractor – Coverage & Contract Integrity | E5: Legal | F5: Score Threshold | G5: Coverage Integrity <= 3 | H5: Standardize subcontract agreements to require appropriate limits, additional insured status, and primary & non-contributory wording. | I5: Inconsistent contractual requirements weaken risk transfer and increase litigation exposure. | J5: High | K5: Insured; Legal (if applicable) | L5: NO | M5: Executed contract excerpts; insurance requirement exhibit | N5: Producer/Risk Consultant | O5: Evidence reviewed/validated; standardized language adopted | P5: 1.0 | Q5: YES
A6: SAF-SUB-CRT-002 | B6: Coverage & Endorsement Verification | C6: Safety | D6: Subcontractor – Coverage & Contract Integrity | E6: Financial/Legal | F6: Score Threshold | G6: Coverage Integrity <= 3 | H6: Verify that subcontractor insurance endorsements align with contractual requirements and do not contain material exclusions. | I6: Insurance that exists but does not respond creates false confidence and upstream exposure. | J6: High | K6: Producer/Risk Consultant (review); Insured | L6: NO | M6: Endorsement copies; coverage review checklist; exclusion review notes | N6: Producer/Risk Consultant | O6: Evidence reviewed/validated; endorsement compliance documented | P6: 1.0 | Q6: YES

Sheet Action_Register
A1: Action_ID | B1: Assessment_ID | C1: Company_Name | D1: Pillar | E1: Subscore | F1: Template_ID | G1: Template_Name | H1: Trigger_Type | I1: Trigger_Met | J1: Priority | K1: Blocking_Flag | L1: Responsible_Role | M1: Assigned_To | N1: Target_Due_Date | O1: Status | P1: Evidence_Submitted | Q1: Evidence_Link_or_Ref | R1: Validator_Role | S1: Validator_Name | T1: Validation_Status | U1: Validation_Date | V1: Validation_Notes | W1: Closed_Date | X1: Created_Date | Y1: Created_By | Z1: Last_Modified_Date | AA1: Last_Modified_By | AB1: Evidence_Types_Required | AC1: Minimum_Validator_Role | AD1: Closure_Condition | AE1: Closure_Gate | AF1: Validator_Role_Check
A2: ACT-00001 | B2: ='Company_Profile'!B5 | C2: ='Company_Profile'!B2 | D2: Safety | E2: Subcontractor – Insurance Continuity | F2: SAF-SUB-INS-001 | G2: Continuous Subcontractor Insurance Monitoring | H2: Guardrail | I2: =IF(F2="","",IFERROR(VLOOKUP(F2,Action_Generator!A:K,11,FALSE),"")) | J2: Critical | K2: YES | L2: Insured (primary); Producer (support) | O2: =IF(I2="YES","Open","") | W2: =IF(AND(O2="Closed",AE2="OK"),TODAY(),"") | X2: =TODAY() | Z2: =TODAY() | AB2: =IF(F2="","",IFERROR(VLOOKUP(F2,Action_Templates!$A:$Q,13,FALSE),"")) | AC2: =IF(F2="","",IFERROR(VLOOKUP(F2,Action_Templates!$A:$Q,14,FALSE),"")) | AD2: =IF(F2="","",IFERROR(VLOOKUP(F2,Action_Templates!$A:$Q,15,FALSE),"")) | AE2: =IF(O2="","",IF(OR(O2<>"Closed",AND(P2="YES",T2="Accepted")),"OK","BLOCKED")) | AF2: =IF(OR(AC2="",R2=""),"",IF(ISNUMBER(SEARCH(AC2,R2)),"OK","CHECK"))
A3: ACT-00002 | B3: ='Company_Profile'!B5 | C3: ='Company_Profile'!B2 | D3: Safety | E3: Subcontractor – Training & Oversight | F3: SAF-SUB-TRN-001 | G3: Subcontractor Safety Program Submission & Alignment | H3: Score Threshold | I3: =IF(F3="","",IFERROR(VLOOKUP(F3,Action_Generator!A:K,11,FALSE),"")) | J3: High | K3: NO | L3: Insured (primary); Risk Consultant (review) | O3: =IF(I3="YES","Open","") | W3: =IF(AND(O3="Closed",AE3="OK"),TODAY(),"") | X3: =TODAY() | Z3: =TODAY() | AB3: =IF(F3="","",IFERROR(VLOOKUP(F3,Action_Templates!$A:$Q,13,FALSE),"")) | AC3: =IF(F3="","",IFERROR(VLOOKUP(F3,Action_Templates!$A:$Q,14,FALSE),"")) | AD3: =IF(F3="","",IFERROR(VLOOKUP(F3,Action_Templates!$A:$Q,15,FALSE),"")) | AE3: =IF(O3="","",IF(OR(O3<>"Closed",AND(P3="YES",T3="Accepted")),"OK","BLOCKED")) | AF3: =IF(OR(AC3="",R3=""),"",IF(ISNUMBER(SEARCH(AC3,R3)),"OK","CHECK"))
A4: ACT-00003 | B4: ='Company_Profile'!B5 | C4: ='Company_Profile'!B2 | D4: Safety | E4: Subcontractor – Training & Oversight | F4: SAF-SUB-TRN-002 | G4: Site-Specific Safety Orientation | H4: Score Threshold | I4: =IF(F4="","",IFERROR(VLOOKUP(F4,Action_Generator!A:K,11,FALSE),"")) | J4: Medium-High | K4: NO | L4: Insured | O4: =IF(I4="YES","Open","") | W4: =IF(AND(O4="Closed",AE4="OK"),TODAY(),"") | X4: =TODAY() | Z4: =TODAY() | AB4: =IF(F4="","",IFERROR(VLOOKUP(F4,Action_Templates!$A:$Q,13,FALSE),"")) | AC4: =IF(F4="","",IFERROR(VLOOKUP(F4,Action_Templates!$A:$Q,14,FALSE),"")) | AD4: =IF(F4="","",IFERROR(VLOOKUP(F4,Action_Templates!$A:$Q,15,FALSE),"")) | AE4: =IF(O4="","",IF(OR(O4<>"Closed",AND(P4="YES",T4="Accepted")),"OK","BLOCKED")) | AF4: =IF(OR(AC4="",R4=""),"",IF(ISNUMBER(SEARCH(AC4,R4)),"OK","CHECK"))
A5: ACT-00004 | B5: ='Company_Profile'!B5 | C5: ='Company_Profile'!B2 | D5: Safety | E5: Subcontractor – Coverage & Contract Integrity | F5: SAF-SUB-CRT-001 | G5: Contractual Insurance Requirement Standardization | H5: Score Threshold | I5: =IF(F5="","",IFERROR(VLOOKUP(F5,Action_Generator!A:K,11,FALSE),"")) | J5: High | K5: NO | L5: Insured; Legal (if applicable) | O5: =IF(I5="YES","Open","") | W5: =IF(AND(O5="Closed",AE5="OK"),TODAY(),"") | X5: =TODAY() | Z5: =TODAY() | AB5: =IF(F5="","",IFERROR(VLOOKUP(F5,Action_Templates!$A:$Q,13,FALSE),"")) | AC5: =IF(F5="","",IFERROR(VLOOKUP(F5,Action_Templates!$A:$Q,14,FALSE),"")) | AD5: =IF(F5="","",IFERROR(VLOOKUP(F5,Action_Templates!$A:$Q,15,FALSE),"")) | AE5: =IF(O5="","",IF(OR(O5<>"Closed",AND(P5="YES",T5="Accepted")),"OK","BLOCKED")) | AF5: =IF(OR(AC5="",R5=""),"",IF(ISNUMBER(SEARCH(AC5,R5)),"OK","CHECK"))
A6: ACT-00005 | B6: ='Company_Profile'!B5 | C6: ='Company_Profile'!B2 | D6: Safety | E6: Subcontractor – Coverage & Contract Integrity | F6: SAF-SUB-CRT-002 | G6: Coverage & Endorsement Verification | H6: Score Threshold | I6: =IF(F6="","",IFERROR(VLOOKUP(F6,Action_Generator!A:K,11,FALSE),"")) | J6: High | K6: NO | L6: Producer/Risk Consultant (review); Insured | O6: =IF(I6="YES","Open","") | W6: =IF(AND(O6="Closed",AE6="OK"),TODAY(),"") | X6: =TODAY() | Z6: =TODAY() | AB6: =IF(F6="","",IFERROR(VLOOKUP(F6,Action_Templates!$A:$Q,13,FALSE),"")) | AC6: =IF(F6="","",IFERROR(VLOOKUP(F6,Action_Templates!$A:$Q,14,FALSE),"")) | AD6: =IF(F6="","",IFERROR(VLOOKUP(F6,Action_Templates!$A:$Q,15,FALSE),"")) | AE6: =IF(O6="","",IF(OR(O6<>"Closed",AND(P6="YES",T6="Accepted")),"OK","BLOCKED")) | AF6: =IF(OR(AC6="",R6=""),"",IF(ISNUMBER(SEARCH(AC6,R6)),"OK","CHECK"))
A7: ACT-00006 | B7: ='Company_Profile'!B5 | C7: ='Company_Profile'!B2 | W7: =IF(AND(O7="Closed",AE7="OK"),TODAY(),"") | AB7: =IF(F7="","",IFERROR(VLOOKUP(F7,Action_Templates!$A:$Q,13,FALSE),"")) | AC7: =IF(F7="","",IFERROR(VLOOKUP(F7,Action_Templates!$A:$Q,14,FALSE),"")) | AD7: =IF(F7="","",IFERROR(VLOOKUP(F7,Action_Templates!$A:$Q,15,FALSE),"")) | AE7: =IF(O7="","",IF(OR(O7<>"Closed",AND(P7="YES",T7="Accepted")),"OK","BLOCKED")) | AF7: =IF(OR(AC7="",R7=""),"",IF(ISNUMBER(SEARCH(AC7,R7)),"OK","CHECK"))
A8: ACT-00007 | B8: ='Company_Profile'!B5 | C8: ='Company_Profile'!B2 | W8: =IF(AND(O8="Closed",AE8="OK"),TODAY(),"") | AB8: =IF(F8="","",IFERROR(VLOOKUP(F8,Action_Templates!$A:$Q,13,FALSE),"")) | AC8: =IF(F8="","",IFERROR(VLOOKUP(F8,Action_Templates!$A:$Q,14,FALSE),"")) | AD8: =IF(F8="","",IFERROR(VLOOKUP(F8,Action_Templates!$A:$Q,15,FALSE),"")) | AE8: =IF(O8="","",IF(OR(O8<>"Closed",AND(P8="YES",T8="Accepted")),"OK","BLOCKED")) | AF8: =IF(OR(AC8="",R8=""),"",IF(ISNUMBER(SEARCH(AC8,R8)),"OK","CHECK"))
A9: ACT-00008 | B9: ='Company_Profile'!B5 | C9: ='Company_Profile'!B2 | W9: =IF(AND(O9="Closed",AE9="OK"),TODAY(),"") | AB9: =IF(F9="","",IFERROR(VLOOKUP(F9,Action_Templates!$A:$Q,13,FALSE),"")) | AC9: =IF(F9="","",IFERROR(VLOOKUP(F9,Action_Templates!$A:$Q,14,FALSE),"")) | AD9: =IF(F9="","",IFERROR(VLOOKUP(F9,Action_Templates!$A:$Q,15,FALSE),"")) | AE9: =IF(O9="","",IF(OR(O9<>"Closed",AND(P9="YES",T9="Accepted")),"OK","BLOCKED")) | AF9: =IF(OR(AC9="",R9=""),"",IF(ISNUMBER(SEARCH(AC9,R9)),"OK","CHECK"))
A10: ACT-00009 | B10: ='Company_Profile'!B5 | C10: ='Company_Profile'!B2 | W10: =IF(AND(O10="Closed",AE10="OK"),TODAY(),"") | AB10: =IF(F10="","",IFERROR(VLOOKUP(F10,Action_Templates!$A:$Q,13,FALSE),"")) | AC10: =IF(F10="","",IFERROR(VLOOKUP(F10,Action_Templates!$A:$Q,14,FALSE),"")) | AD10: =IF(F10="","",IFERROR(VLOOKUP(F10,Action_Templates!$A:$Q,15,FALSE),"")) | AE10: =IF(O10="","",IF(OR(O10<>"Closed",AND(P10="YES",T10="Accepted")),"OK","BLOCKED")) | AF10: =IF(OR(AC10="",R10=""),"",IF(ISNUMBER(SEARCH(AC10,R10)),"OK","CHECK"))
A11: ACT-00010 | B11: ='Company_Profile'!B5 | C11: ='Company_Profile'!B2 | W11: =IF(AND(O11="Closed",AE11="OK"),TODAY(),"") | AB11: =IF(F11="","",IFERROR(VLOOKUP(F11,Action_Templates!$A:$Q,13,FALSE),"")) | AC11: =IF(F11="","",IFERROR(VLOOKUP(F11,Action_Templates!$A:$Q,14,FALSE),"")) | AD11: =IF(F11="","",IFERROR(VLOOKUP(F11,Action_Templates!$A:$Q,15,FALSE),"")) | AE11: =IF(O11="","",IF(OR(O11<>"Closed",AND(P11="YES",T11="Accepted")),"OK","BLOCKED")) | AF11: =IF(OR(AC11="",R11=""),"",IF(ISNUMBER(SEARCH(AC11,R11)),"OK","CHECK"))
A12: ACT-00011 | B12: ='Company_Profile'!B5 | C12: ='Company_Profile'!B2 | W12: =IF(AND(O12="Closed",AE12="OK"),TODAY(),"") | AB12: =IF(F12="","",IFERROR(VLOOKUP(F12,Action_Templates!$A:$Q,13,FALSE),"")) | AC12: =IF(F12="","",IFERROR(VLOOKUP(F12,Action_Templates!$A:$Q,14,FALSE),"")) | AD12: =IF(F12="","",IFERROR(VLOOKUP(F12,Action_Templates!$A:$Q,15,FALSE),"")) | AE12: =IF(O12="","",IF(OR(O12<>"Closed",AND(P12="YES",T12="Accepted")),"OK","BLOCKED")) | AF12: =IF(OR(AC12="",R12=""),"",IF(ISNUMBER(SEARCH(AC12,R12)),"OK","CHECK"))
A13: ACT-00012 | B13: ='Company_Profile'!B5 | C13: ='Company_Profile'!B2 | W13: =IF(AND(O13="Closed",AE13="OK"),TODAY(),"") | AB13: =IF(F13="","",IFERROR(VLOOKUP(F13,Action_Templates!$A:$Q,13,FALSE),"")) | AC13: =IF(F13="","",IFERROR(VLOOKUP(F13,Action_Templates!$A:$Q,14,FALSE),"")) | AD13: =IF(F13="","",IFERROR(VLOOKUP(F13,Action_Templates!$A:$Q,15,FALSE),"")) | AE13: =IF(O13="","",IF(OR(O13<>"Closed",AND(P13="YES",T13="Accepted")),"OK","BLOCKED")) | AF13: =IF(OR(AC13="",R13=""),"",IF(ISNUMBER(SEARCH(AC13,R13)),"OK","CHECK"))
A14: ACT-00013 | B14: ='Company_Profile'!B5 | C14: ='Company_Profile'!B2 | W14: =IF(AND(O14="Closed",AE14="OK"),TODAY(),"") | AB14: =IF(F14="","",IFERROR(VLOOKUP(F14,Action_Templates!$A:$Q,13,FALSE),"")) | AC14: =IF(F14="","",IFERROR(VLOOKUP(F14,Action_Templates!$A:$Q,14,FALSE),"")) | AD14: =IF(F14="","",IFERROR(VLOOKUP(F14,Action_Templates!$A:$Q,15,FALSE),"")) | AE14: =IF(O14="","",IF(OR(O14<>"Closed",AND(P14="YES",T14="Accepted")),"OK","BLOCKED")) | AF14: =IF(OR(AC14="",R14=""),"",IF(ISNUMBER(SEARCH(AC14,R14)),"OK","CHECK"))
A15: ACT-00014 | B15: ='Company_Profile'!B5 | C15: ='Company_Profile'!B2 | W15: =IF(AND(O15="Closed",AE15="OK"),TODAY(),"") | AB15: =IF(F15="","",IFERROR(VLOOKUP(F15,Action_Templates!$A:$Q,13,FALSE),"")) | AC15: =IF(F15="","",IFERROR(VLOOKUP(F15,Action_Templates!$A:$Q,14,FALSE),"")) | AD15: =IF(F15="","",IFERROR(VLOOKUP(F15,Action_Templates!$A:$Q,15,FALSE),"")) | AE15: =IF(O15="","",IF(OR(O15<>"Closed",AND(P15="YES",T15="Accepted")),"OK","BLOCKED")) | AF15: =IF(OR(AC15="",R15=""),"",IF(ISNUMBER(SEARCH(AC15,R15)),"OK","CHECK"))
A16: ACT-00015 | B16: ='Company_Profile'!B5 | C16: ='Company_Profile'!B2 | W16: =IF(AND(O16="Closed",AE16="OK"),TODAY(),"") | AB16: =IF(F16="","",IFERROR(VLOOKUP(F16,Action_Templates!$A:$Q,13,FALSE),"")) | AC16: =IF(F16="","",IFERROR(VLOOKUP(F16,Action_Templates!$A:$Q,14,FALSE),"")) | AD16: =IF(F16="","",IFERROR(VLOOKUP(F16,Action_Templates!$A:$Q,15,FALSE),"")) | AE16: =IF(O16="","",IF(OR(O16<>"Closed",AND(P16="YES",T16="Accepted")),"OK","BLOCKED")) | AF16: =IF(OR(AC16="",R16=""),"",IF(ISNUMBER(SEARCH(AC16,R16)),"OK","CHECK"))
A17: ACT-00016 | B17: ='Company_Profile'!B5 | C17: ='Company_Profile'!B2 | W17: =IF(AND(O17="Closed",AE17="OK"),TODAY(),"") | AB17: =IF(F17="","",IFERROR(VLOOKUP(F17,Action_Templates!$A:$Q,13,FALSE),"")) | AC17: =IF(F17="","",IFERROR(VLOOKUP(F17,Action_Templates!$A:$Q,14,FALSE),"")) | AD17: =IF(F17="","",IFERROR(VLOOKUP(F17,Action_Templates!$A:$Q,15,FALSE),"")) | AE17: =IF(O17="","",IF(OR(O17<>"Closed",AND(P17="YES",T17="Accepted")),"OK","BLOCKED")) | AF17: =IF(OR(AC17="",R17=""),"",IF(ISNUMBER(SEARCH(AC17,R17)),"OK","CHECK"))
A18: ACT-00017 | B18: ='Company_Profile'!B5 | C18: ='Company_Profile'!B2 | W18: =IF(AND(O18="Closed",AE18="OK"),TODAY(),"") | AB18: =IF(F18="","",IFERROR(VLOOKUP(F18,Action_Templates!$A:$Q,13,FALSE),"")) | AC18: =IF(F18="","",IFERROR(VLOOKUP(F18,Action_Templates!$A:$Q,14,FALSE),"")) | AD18: =IF(F18="","",IFERROR(VLOOKUP(F18,Action_Templates!$A:$Q,15,FALSE),"")) | AE18: =IF(O18="","",IF(OR(O18<>"Closed",AND(P18="YES",T18="Accepted")),"OK","BLOCKED")) | AF18: =IF(OR(AC18="",R18=""),"",IF(ISNUMBER(SEARCH(AC18,R18)),"OK","CHECK"))
A19: ACT-00018 | B19: ='Company_Profile'!B5 | C19: ='Company_Profile'!B2 | W19: =IF(AND(O19="Closed",AE19="OK"),TODAY(),"") | AB19: =IF(F19="","",IFERROR(VLOOKUP(F19,Action_Templates!$A:$Q,13,FALSE),"")) | AC19: =IF(F19="","",IFERROR(VLOOKUP(F19,Action_Templates!$A:$Q,14,FALSE),"")) | AD19: =IF(F19="","",IFERROR(VLOOKUP(F19,Action_Templates!$A:$Q,15,FALSE),"")) | AE19: =IF(O19="","",IF(OR(O19<>"Closed",AND(P19="YES",T19="Accepted")),"OK","BLOCKED")) | AF19: =IF(OR(AC19="",R19=""),"",IF(ISNUMBER(SEARCH(AC19,R19)),"OK","CHECK"))
A20: ACT-00019 | B20: ='Company_Profile'!B5 | C20: ='Company_Profile'!B2 | W20: =IF(AND(O20="Closed",AE20="OK"),TODAY(),"") | AB20: =IF(F20="","",IFERROR(VLOOKUP(F20,Action_Templates!$A:$Q,13,FALSE),"")) | AC20: =IF(F20="","",IFERROR(VLOOKUP(F20,Action_Templates!$A:$Q,14,FALSE),"")) | AD20: =IF(F20="","",IFERROR(VLOOKUP(F20,Action_Templates!$A:$Q,15,FALSE),"")) | AE20: =IF(O20="","",IF(OR(O20<>"Closed",AND(P20="YES",T20="Accepted")),"OK","BLOCKED")) | AF20: =IF(OR(AC20="",R20=""),"",IF(ISNUMBER(SEARCH(AC20,R20)),"OK","CHECK"))
A21: ACT-00020 | B21: ='Company_Profile'!B5 | C21: ='Company_Profile'!B2 | W21: =IF(AND(O21="Closed",AE21="OK"),TODAY(),"") | AB21: =IF(F21="","",IFERROR(VLOOKUP(F21,Action_Templates!$A:$Q,13,FALSE),"")) | AC21: =IF(F21="","",IFERROR(VLOOKUP(F21,Action_Templates!$A:$Q,14,FALSE),"")) | AD21: =IF(F21="","",IFERROR(VLOOKUP(F21,Action_Templates!$A:$Q,15,FALSE),"")) | AE21: =IF(O21="","",IF(OR(O21<>"Closed",AND(P21="YES",T21="Accepted")),"OK","BLOCKED")) | AF21: =IF(OR(AC21="",R21=""),"",IF(ISNUMBER(SEARCH(AC21,R21)),"OK","CHECK"))
A22: ACT-00021 | B22: ='Company_Profile'!B5 | C22: ='Company_Profile'!B2 | W22: =IF(AND(O22="Closed",AE22="OK"),TODAY(),"") | AB22: =IF(F22="","",IFERROR(VLOOKUP(F22,Action_Templates!$A:$Q,13,FALSE),"")) | AC22: =IF(F22="","",IFERROR(VLOOKUP(F22,Action_Templates!$A:$Q,14,FALSE),"")) | AD22: =IF(F22="","",IFERROR(VLOOKUP(F22,Action_Templates!$A:$Q,15,FALSE),"")) | AE22: =IF(O22="","",IF(OR(O22<>"Closed",AND(P22="YES",T22="Accepted")),"OK","BLOCKED")) | AF22: =IF(OR(AC22="",R22=""),"",IF(ISNUMBER(SEARCH(AC22,R22)),"OK","CHECK"))
A23: ACT-00022 | B23: ='Company_Profile'!B5 | C23: ='Company_Profile'!B2 | W23: =IF(AND(O23="Closed",AE23="OK"),TODAY(),"") | AB23: =IF(F23="","",IFERROR(VLOOKUP(F23,Action_Templates!$A:$Q,13,FALSE),"")) | AC23: =IF(F23="","",IFERROR(VLOOKUP(F23,Action_Templates!$A:$Q,14,FALSE),"")) | AD23: =IF(F23="","",IFERROR(VLOOKUP(F23,Action_Templates!$A:$Q,15,FALSE),"")) | AE23: =IF(O23="","",IF(OR(O23<>"Closed",AND(P23="YES",T23="Accepted")),"OK","BLOCKED")) | AF23: =IF(OR(AC23="",R23=""),"",IF(ISNUMBER(SEARCH(AC23,R23)),"OK","CHECK"))
A24: ACT-00023 | B24: ='Company_Profile'!B5 | C24: ='Company_Profile'!B2 | W24: =IF(AND(O24="Closed",AE24="OK"),TODAY(),"") | AB24: =IF(F24="","",IFERROR(VLOOKUP(F24,Action_Templates!$A:$Q,13,FALSE),"")) | AC24: =IF(F24="","",IFERROR(VLOOKUP(F24,Action_Templates!$A:$Q,14,FALSE),"")) | AD24: =IF(F24="","",IFERROR(VLOOKUP(F24,Action_Templates!$A:$Q,15,FALSE),"")) | AE24: =IF(O24="","",IF(OR(O24<>"Closed",AND(P24="YES",T24="Accepted")),"OK","BLOCKED")) | AF24: =IF(OR(AC24="",R24=""),"",IF(ISNUMBER(SEARCH(AC24,R24)),"OK","CHECK"))
A25: ACT-00024 | B25: ='Company_Profile'!B5 | C25: ='Company_Profile'!B2 | W25: =IF(AND(O25="Closed",AE25="OK"),TODAY(),"") | AB25: =IF(F25="","",IFERROR(VLOOKUP(F25,Action_Templates!$A:$Q,13,FALSE),"")) | AC25: =IF(F25="","",IFERROR(VLOOKUP(F25,Action_Templates!$A:$Q,14,FALSE),"")) | AD25: =IF(F25="","",IFERROR(VLOOKUP(F25,Action_Templates!$A:$Q,15,FALSE),"")) | AE25: =IF(O25="","",IF(OR(O25<>"Closed",AND(P25="YES",T25="Accepted")),"OK","BLOCKED")) | AF25: =IF(OR(AC25="",R25=""),"",IF(ISNUMBER(SEARCH(AC25,R25)),"OK","CHECK"))
A26: ACT-00025 | B26: ='Company_Profile'!B5 | C26: ='Company_Profile'!B2 | W26: =IF(AND(O26="Closed",AE26="OK"),TODAY(),"") | AB26: =IF(F26="","",IFERROR(VLOOKUP(F26,Action_Templates!$A:$Q,13,FALSE),"")) | AC26: =IF(F26="","",IFERROR(VLOOKUP(F26,Action_Templates!$A:$Q,14,FALSE),"")) | AD26: =IF(F26="","",IFERROR(VLOOKUP(F26,Action_Templates!$A:$Q,15,FALSE),"")) | AE26: =IF(O26="","",IF(OR(O26<>"Closed",AND(P26="YES",T26="Accepted")),"OK","BLOCKED")) | AF26: =IF(OR(AC26="",R26=""),"",IF(ISNUMBER(SEARCH(AC26,R26)),"OK","CHECK"))
A27: ACT-00026 | B27: ='Company_Profile'!B5 | C27: ='Company_Profile'!B2 | W27: =IF(AND(O27="Closed",AE27="OK"),TODAY(),"") | AB27: =IF(F27="","",IFERROR(VLOOKUP(F27,Action_Templates!$A:$Q,13,FALSE),"")) | AC27: =IF(F27="","",IFERROR(VLOOKUP(F27,Action_Templates!$A:$Q,14,FALSE),"")) | AD27: =IF(F27="","",IFERROR(VLOOKUP(F27,Action_Templates!$A:$Q,15,FALSE),"")) | AE27: =IF(O27="","",IF(OR(O27<>"Closed",AND(P27="YES",T27="Accepted")),"OK","BLOCKED")) | AF27: =IF(OR(AC27="",R27=""),"",IF(ISNUMBER(SEARCH(AC27,R27)),"OK","CHECK"))
A28: ACT-00027 | B28: ='Company_Profile'!B5 | C28: ='Company_Profile'!B2 | W28: =IF(AND(O28="Closed",AE28="OK"),TODAY(),"") | AB28: =IF(F28="","",IFERROR(VLOOKUP(F28,Action_Templates!$A:$Q,13,FALSE),"")) | AC28: =IF(F28="","",IFERROR(VLOOKUP(F28,Action_Templates!$A:$Q,14,FALSE),"")) | AD28: =IF(F28="","",IFERROR(VLOOKUP(F28,Action_Templates!$A:$Q,15,FALSE),"")) | AE28: =IF(O28="","",IF(OR(O28<>"Closed",AND(P28="YES",T28="Accepted")),"OK","BLOCKED")) | AF28: =IF(OR(AC28="",R28=""),"",IF(ISNUMBER(SEARCH(AC28,R28)),"OK","CHECK"))
A29: ACT-00028 | B29: ='Company_Profile'!B5 | C29: ='Company_Profile'!B2 | W29: =IF(AND(O29="Closed",AE29="OK"),TODAY(),"") | AB29: =IF(F29="","",IFERROR(VLOOKUP(F29,Action_Templates!$A:$Q,13,FALSE),"")) | AC29: =IF(F29="","",IFERROR(VLOOKUP(F29,Action_Templates!$A:$Q,14,FALSE),"")) | AD29: =IF(F29="","",IFERROR(VLOOKUP(F29,Action_Templates!$A:$Q,15,FALSE),"")) | AE29: =IF(O29="","",IF(OR(O29<>"Closed",AND(P29="YES",T29="Accepted")),"OK","BLOCKED")) | AF29: =IF(OR(AC29="",R29=""),"",IF(ISNUMBER(SEARCH(AC29,R29)),"OK","CHECK"))
A30: ACT-00029 | B30: ='Company_Profile'!B5 | C30: ='Company_Profile'!B2 | W30: =IF(AND(O30="Closed",AE30="OK"),TODAY(),"") | AB30: =IF(F30="","",IFERROR(VLOOKUP(F30,Action_Templates!$A:$Q,13,FALSE),"")) | AC30: =IF(F30="","",IFERROR(VLOOKUP(F30,Action_Templates!$A:$Q,14,FALSE),"")) | AD30: =IF(F30="","",IFERROR(VLOOKUP(F30,Action_Templates!$A:$Q,15,FALSE),"")) | AE30: =IF(O30="","",IF(OR(O30<>"Closed",AND(P30="YES",T30="Accepted")),"OK","BLOCKED")) | AF30: =IF(OR(AC30="",R30=""),"",IF(ISNUMBER(SEARCH(AC30,R30)),"OK","CHECK"))
A31: ACT-00030 | B31: ='Company_Profile'!B5 | C31: ='Company_Profile'!B2 | W31: =IF(AND(O31="Closed",AE31="OK"),TODAY(),"") | AB31: =IF(F31="","",IFERROR(VLOOKUP(F31,Action_Templates!$A:$Q,13,FALSE),"")) | AC31: =IF(F31="","",IFERROR(VLOOKUP(F31,Action_Templates!$A:$Q,14,FALSE),"")) | AD31: =IF(F31="","",IFERROR(VLOOKUP(F31,Action_Templates!$A:$Q,15,FALSE),"")) | AE31: =IF(O31="","",IF(OR(O31<>"Closed",AND(P31="YES",T31="Accepted")),"OK","BLOCKED")) | AF31: =IF(OR(AC31="",R31=""),"",IF(ISNUMBER(SEARCH(AC31,R31)),"OK","CHECK"))
A32: ACT-00031 | B32: ='Company_Profile'!B5 | C32: ='Company_Profile'!B2 | W32: =IF(AND(O32="Closed",AE32="OK"),TODAY(),"") | AB32: =IF(F32="","",IFERROR(VLOOKUP(F32,Action_Templates!$A:$Q,13,FALSE),"")) | AC32: =IF(F32="","",IFERROR(VLOOKUP(F32,Action_Templates!$A:$Q,14,FALSE),"")) | AD32: =IF(F32="","",IFERROR(VLOOKUP(F32,Action_Templates!$A:$Q,15,FALSE),"")) | AE32: =IF(O32="","",IF(OR(O32<>"Closed",AND(P32="YES",T32="Accepted")),"OK","BLOCKED")) | AF32: =IF(OR(AC32="",R32=""),"",IF(ISNUMBER(SEARCH(AC32,R32)),"OK","CHECK"))
A33: ACT-00032 | B33: ='Company_Profile'!B5 | C33: ='Company_Profile'!B2 | W33: =IF(AND(O33="Closed",AE33="OK"),TODAY(),"") | AB33: =IF(F33="","",IFERROR(VLOOKUP(F33,Action_Templates!$A:$Q,13,FALSE),"")) | AC33: =IF(F33="","",IFERROR(VLOOKUP(F33,Action_Templates!$A:$Q,14,FALSE),"")) | AD33: =IF(F33="","",IFERROR(VLOOKUP(F33,Action_Templates!$A:$Q,15,FALSE),"")) | AE33: =IF(O33="","",IF(OR(O33<>"Closed",AND(P33="YES",T33="Accepted")),"OK","BLOCKED")) | AF33: =IF(OR(AC33="",R33=""),"",IF(ISNUMBER(SEARCH(AC33,R33)),"OK","CHECK"))
A34: ACT-00033 | B34: ='Company_Profile'!B5 | C34: ='Company_Profile'!B2 | W34: =IF(AND(O34="Closed",AE34="OK"),TODAY(),"") | AB34: =IF(F34="","",IFERROR(VLOOKUP(F34,Action_Templates!$A:$Q,13,FALSE),"")) | AC34: =IF(F34="","",IFERROR(VLOOKUP(F34,Action_Templates!$A:$Q,14,FALSE),"")) | AD34: =IF(F34="","",IFERROR(VLOOKUP(F34,Action_Templates!$A:$Q,15,FALSE),"")) | AE34: =IF(O34="","",IF(OR(O34<>"Closed",AND(P34="YES",T34="Accepted")),"OK","BLOCKED")) | AF34: =IF(OR(AC34="",R34=""),"",IF(ISNUMBER(SEARCH(AC34,R34)),"OK","CHECK"))
A35: ACT-00034 | B35: ='Company_Profile'!B5 | C35: ='Company_Profile'!B2 | W35: =IF(AND(O35="Closed",AE35="OK"),TODAY(),"") | AB35: =IF(F35="","",IFERROR(VLOOKUP(F35,Action_Templates!$A:$Q,13,FALSE),"")) | AC35: =IF(F35="","",IFERROR(VLOOKUP(F35,Action_Templates!$A:$Q,14,FALSE),"")) | AD35: =IF(F35="","",IFERROR(VLOOKUP(F35,Action_Templates!$A:$Q,15,FALSE),"")) | AE35: =IF(O35="","",IF(OR(O35<>"Closed",AND(P35="YES",T35="Accepted")),"OK","BLOCKED")) | AF35: =IF(OR(AC35="",R35=""),"",IF(ISNUMBER(SEARCH(AC35,R35)),"OK","CHECK"))
A36: ACT-00035 | B36: ='Company_Profile'!B5 | C36: ='Company_Profile'!B2 | W36: =IF(AND(O36="Closed",AE36="OK"),TODAY(),"") | AB36: =IF(F36="","",IFERROR(VLOOKUP(F36,Action_Templates!$A:$Q,13,FALSE),"")) | AC36: =IF(F36="","",IFERROR(VLOOKUP(F36,Action_Templates!$A:$Q,14,FALSE),"")) | AD36: =IF(F36="","",IFERROR(VLOOKUP(F36,Action_Templates!$A:$Q,15,FALSE),"")) | AE36: =IF(O36="","",IF(OR(O36<>"Closed",AND(P36="YES",T36="Accepted")),"OK","BLOCKED")) | AF36: =IF(OR(AC36="",R36=""),"",IF(ISNUMBER(SEARCH(AC36,R36)),"OK","CHECK"))
A37: ACT-00036 | B37: ='Company_Profile'!B5 | C37: ='Company_Profile'!B2 | W37: =IF(AND(O37="Closed",AE37="OK"),TODAY(),"") | AB37: =IF(F37="","",IFERROR(VLOOKUP(F37,Action_Templates!$A:$Q,13,FALSE),"")) | AC37: =IF(F37="","",IFERROR(VLOOKUP(F37,Action_Templates!$A:$Q,14,FALSE),"")) | AD37: =IF(F37="","",IFERROR(VLOOKUP(F37,Action_Templates!$A:$Q,15,FALSE),"")) | AE37: =IF(O37="","",IF(OR(O37<>"Closed",AND(P37="YES",T37="Accepted")),"OK","BLOCKED")) | AF37: =IF(OR(AC37="",R37=""),"",IF(ISNUMBER(SEARCH(AC37,R37)),"OK","CHECK"))
A38: ACT-00037 | B38: ='Company_Profile'!B5 | C38: ='Company_Profile'!B2 | W38: =IF(AND(O38="Closed",AE38="OK"),TODAY(),"") | AB38: =IF(F38="","",IFERROR(VLOOKUP(F38,Action_Templates!$A:$Q,13,FALSE),"")) | AC38: =IF(F38="","",IFERROR(VLOOKUP(F38,Action_Templates!$A:$Q,14,FALSE),"")) | AD38: =IF(F38="","",IFERROR(VLOOKUP(F38,Action_Templates!$A:$Q,15,FALSE),"")) | AE38: =IF(O38="","",IF(OR(O38<>"Closed",AND(P38="YES",T38="Accepted")),"OK","BLOCKED")) | AF38: =IF(OR(AC38="",R38=""),"",IF(ISNUMBER(SEARCH(AC38,R38)),"OK","CHECK"))
A39: ACT-00038 | B39: ='Company_Profile'!B5 | C39: ='Company_Profile'!B2 | W39: =IF(AND(O39="Closed",AE39="OK"),TODAY(),"") | AB39: =IF(F39="","",IFERROR(VLOOKUP(F39,Action_Templates!$A:$Q,13,FALSE),"")) | AC39: =IF(F39="","",IFERROR(VLOOKUP(F39,Action_Templates!$A:$Q,14,FALSE),"")) | AD39: =IF(F39="","",IFERROR(VLOOKUP(F39,Action_Templates!$A:$Q,15,FALSE),"")) | AE39: =IF(O39="","",IF(OR(O39<>"Closed",AND(P39="YES",T39="Accepted")),"OK","BLOCKED")) | AF39: =IF(OR(AC39="",R39=""),"",IF(ISNUMBER(SEARCH(AC39,R39)),"OK","CHECK"))
A40: ACT-00039 | B40: ='Company_Profile'!B5 | C40: ='Company_Profile'!B2 | W40: =IF(AND(O40="Closed",AE40="OK"),TODAY(),"") | AB40: =IF(F40="","",IFERROR(VLOOKUP(F40,Action_Templates!$A:$Q,13,FALSE),"")) | AC40: =IF(F40="","",IFERROR(VLOOKUP(F40,Action_Templates!$A:$Q,14,FALSE),"")) | AD40: =IF(F40="","",IFERROR(VLOOKUP(F40,Action_Templates!$A:$Q,15,FALSE),"")) | AE40: =IF(O40="","",IF(OR(O40<>"Closed",AND(P40="YES",T40="Accepted")),"OK","BLOCKED")) | AF40: =IF(OR(AC40="",R40=""),"",IF(ISNUMBER(SEARCH(AC40,R40)),"OK","CHECK"))
A41: ACT-00040 | B41: ='Company_Profile'!B5 | C41: ='Company_Profile'!B2 | W41: =IF(AND(O41="Closed",AE41="OK"),TODAY(),"") | AB41: =IF(F41="","",IFERROR(VLOOKUP(F41,Action_Templates!$A:$Q,13,FALSE),"")) | AC41: =IF(F41="","",IFERROR(VLOOKUP(F41,Action_Templates!$A:$Q,14,FALSE),"")) | AD41: =IF(F41="","",IFERROR(VLOOKUP(F41,Action_Templates!$A:$Q,15,FALSE),"")) | AE41: =IF(O41="","",IF(OR(O41<>"Closed",AND(P41="YES",T41="Accepted")),"OK","BLOCKED")) | AF41: =IF(OR(AC41="",R41=""),"",IF(ISNUMBER(SEARCH(AC41,R41)),"OK","CHECK"))
A42: ACT-00041 | B42: ='Company_Profile'!B5 | C42: ='Company_Profile'!B2 | W42: =IF(AND(O42="Closed",AE42="OK"),TODAY(),"") | AB42: =IF(F42="","",IFERROR(VLOOKUP(F42,Action_Templates!$A:$Q,13,FALSE),"")) | AC42: =IF(F42="","",IFERROR(VLOOKUP(F42,Action_Templates!$A:$Q,14,FALSE),"")) | AD42: =IF(F42="","",IFERROR(VLOOKUP(F42,Action_Templates!$A:$Q,15,FALSE),"")) | AE42: =IF(O42="","",IF(OR(O42<>"Closed",AND(P42="YES",T42="Accepted")),"OK","BLOCKED")) | AF42: =IF(OR(AC42="",R42=""),"",IF(ISNUMBER(SEARCH(AC42,R42)),"OK","CHECK"))
A43: ACT-00042 | B43: ='Company_Profile'!B5 | C43: ='Company_Profile'!B2 | W43: =IF(AND(O43="Closed",AE43="OK"),TODAY(),"") | AB43: =IF(F43="","",IFERROR(VLOOKUP(F43,Action_Templates!$A:$Q,13,FALSE),"")) | AC43: =IF(F43="","",IFERROR(VLOOKUP(F43,Action_Templates!$A:$Q,14,FALSE),"")) | AD43: =IF(F43="","",IFERROR(VLOOKUP(F43,Action_Templates!$A:$Q,15,FALSE),"")) | AE43: =IF(O43="","",IF(OR(O43<>"Closed",AND(P43="YES",T43="Accepted")),"OK","BLOCKED")) | AF43: =IF(OR(AC43="",R43=""),"",IF(ISNUMBER(SEARCH(AC43,R43)),"OK","CHECK"))
A44: ACT-00043 | B44: ='Company_Profile'!B5 | C44: ='Company_Profile'!B2 | W44: =IF(AND(O44="Closed",AE44="OK"),TODAY(),"") | AB44: =IF(F44="","",IFERROR(VLOOKUP(F44,Action_Templates!$A:$Q,13,FALSE),"")) | AC44: =IF(F44="","",IFERROR(VLOOKUP(F44,Action_Templates!$A:$Q,14,FALSE),"")) | AD44: =IF(F44="","",IFERROR(VLOOKUP(F44,Action_Templates!$A:$Q,15,FALSE),"")) | AE44: =IF(O44="","",IF(OR(O44<>"Closed",AND(P44="YES",T44="Accepted")),"OK","BLOCKED")) | AF44: =IF(OR(AC44="",R44=""),"",IF(ISNUMBER(SEARCH(AC44,R44)),"OK","CHECK"))
A45: ACT-00044 | B45: ='Company_Profile'!B5 | C45: ='Company_Profile'!B2 | W45: =IF(AND(O45="Closed",AE45="OK"),TODAY(),"") | AB45: =IF(F45="","",IFERROR(VLOOKUP(F45,Action_Templates!$A:$Q,13,FALSE),"")) | AC45: =IF(F45="","",IFERROR(VLOOKUP(F45,Action_Templates!$A:$Q,14,FALSE),"")) | AD45: =IF(F45="","",IFERROR(VLOOKUP(F45,Action_Templates!$A:$Q,15,FALSE),"")) | AE45: =IF(O45="","",IF(OR(O45<>"Closed",AND(P45="YES",T45="Accepted")),"OK","BLOCKED")) | AF45: =IF(OR(AC45="",R45=""),"",IF(ISNUMBER(SEARCH(AC45,R45)),"OK","CHECK"))
A46: ACT-00045 | B46: ='Company_Profile'!B5 | C46: ='Company_Profile'!B2 | W46: =IF(AND(O46="Closed",AE46="OK"),TODAY(),"") | AB46: =IF(F46="","",IFERROR(VLOOKUP(F46,Action_Templates!$A:$Q,13,FALSE),"")) | AC46: =IF(F46="","",IFERROR(VLOOKUP(F46,Action_Templates!$A:$Q,14,FALSE),"")) | AD46: =IF(F46="","",IFERROR(VLOOKUP(F46,Action_Templates!$A:$Q,15,FALSE),"")) | AE46: =IF(O46="","",IF(OR(O46<>"Closed",AND(P46="YES",T46="Accepted")),"OK","BLOCKED")) | AF46: =IF(OR(AC46="",R46=""),"",IF(ISNUMBER(SEARCH(AC46,R46)),"OK","CHECK"))
A47: ACT-00046 | B47: ='Company_Profile'!B5 | C47: ='Company_Profile'!B2 | W47: =IF(AND(O47="Closed",AE47="OK"),TODAY(),"") | AB47: =IF(F47="","",IFERROR(VLOOKUP(F47,Action_Templates!$A:$Q,13,FALSE),"")) | AC47: =IF(F47="","",IFERROR(VLOOKUP(F47,Action_Templates!$A:$Q,14,FALSE),"")) | AD47: =IF(F47="","",IFERROR(VLOOKUP(F47,Action_Templates!$A:$Q,15,FALSE),"")) | AE47: =IF(O47="","",IF(OR(O47<>"Closed",AND(P47="YES",T47="Accepted")),"OK","BLOCKED")) | AF47: =IF(OR(AC47="",R47=""),"",IF(ISNUMBER(SEARCH(AC47,R47)),"OK","CHECK"))
A48: ACT-00047 | B48: ='Company_Profile'!B5 | C48: ='Company_Profile'!B2 | W48: =IF(AND(O48="Closed",AE48="OK"),TODAY(),"") | AB48: =IF(F48="","",IFERROR(VLOOKUP(F48,Action_Templates!$A:$Q,13,FALSE),"")) | AC48: =IF(F48="","",IFERROR(VLOOKUP(F48,Action_Templates!$A:$Q,14,FALSE),"")) | AD48: =IF(F48="","",IFERROR(VLOOKUP(F48,Action_Templates!$A:$Q,15,FALSE),"")) | AE48: =IF(O48="","",IF(OR(O48<>"Closed",AND(P48="YES",T48="Accepted")),"OK","BLOCKED")) | AF48: =IF(OR(AC48="",R48=""),"",IF(ISNUMBER(SEARCH(AC48,R48)),"OK","CHECK"))
A49: ACT-00048 | B49: ='Company_Profile'!B5 | C49: ='Company_Profile'!B2 | W49: =IF(AND(O49="Closed",AE49="OK"),TODAY(),"") | AB49: =IF(F49="","",IFERROR(VLOOKUP(F49,Action_Templates!$A:$Q,13,FALSE),"")) | AC49: =IF(F49="","",IFERROR(VLOOKUP(F49,Action_Templates!$A:$Q,14,FALSE),"")) | AD49: =IF(F49="","",IFERROR(VLOOKUP(F49,Action_Templates!$A:$Q,15,FALSE),"")) | AE49: =IF(O49="","",IF(OR(O49<>"Closed",AND(P49="YES",T49="Accepted")),"OK","BLOCKED")) | AF49: =IF(OR(AC49="",R49=""),"",IF(ISNUMBER(SEARCH(AC49,R49)),"OK","CHECK"))
A50: ACT-00049 | B50: ='Company_Profile'!B5 | C50: ='Company_Profile'!B2 | W50: =IF(AND(O50="Closed",AE50="OK"),TODAY(),"") | AB50: =IF(F50="","",IFERROR(VLOOKUP(F50,Action_Templates!$A:$Q,13,FALSE),"")) | AC50: =IF(F50="","",IFERROR(VLOOKUP(F50,Action_Templates!$A:$Q,14,FALSE),"")) | AD50: =IF(F50="","",IFERROR(VLOOKUP(F50,Action_Templates!$A:$Q,15,FALSE),"")) | AE50: =IF(O50="","",IF(OR(O50<>"Closed",AND(P50="YES",T50="Accepted")),"OK","BLOCKED")) | AF50: =IF(OR(AC50="",R50=""),"",IF(ISNUMBER(SEARCH(AC50,R50)),"OK","CHECK"))
A51: ACT-00050 | B51: ='Company_Profile'!B5 | C51: ='Company_Profile'!B2 | W51: =IF(AND(O51="Closed",AE51="OK"),TODAY(),"") | AB51: =IF(F51="","",IFERROR(VLOOKUP(F51,Action_Templates!$A:$Q,13,FALSE),"")) | AC51: =IF(F51="","",IFERROR(VLOOKUP(F51,Action_Templates!$A:$Q,14,FALSE),"")) | AD51: =IF(F51="","",IFERROR(VLOOKUP(F51,Action_Templates!$A:$Q,15,FALSE),"")) | AE51: =IF(O51="","",IF(OR(O51<>"Closed",AND(P51="YES",T51="Accepted")),"OK","BLOCKED")) | AF51: =IF(OR(AC51="",R51=""),"",IF(ISNUMBER(SEARCH(AC51,R51)),"OK","CHECK"))
A52: ACT-00051 | B52: ='Company_Profile'!B5 | C52: ='Company_Profile'!B2 | W52: =IF(AND(O52="Closed",AE52="OK"),TODAY(),"") | AB52: =IF(F52="","",IFERROR(VLOOKUP(F52,Action_Templates!$A:$Q,13,FALSE),"")) | AC52: =IF(F52="","",IFERROR(VLOOKUP(F52,Action_Templates!$A:$Q,14,FALSE),"")) | AD52: =IF(F52="","",IFERROR(VLOOKUP(F52,Action_Templates!$A:$Q,15,FALSE),"")) | AE52: =IF(O52="","",IF(OR(O52<>"Closed",AND(P52="YES",T52="Accepted")),"OK","BLOCKED")) | AF52: =IF(OR(AC52="",R52=""),"",IF(ISNUMBER(SEARCH(AC52,R52)),"OK","CHECK"))
A53: ACT-00052 | B53: ='Company_Profile'!B5 | C53: ='Company_Profile'!B2 | W53: =IF(AND(O53="Closed",AE53="OK"),TODAY(),"") | AB53: =IF(F53="","",IFERROR(VLOOKUP(F53,Action_Templates!$A:$Q,13,FALSE),"")) | AC53: =IF(F53="","",IFERROR(VLOOKUP(F53,Action_Templates!$A:$Q,14,FALSE),"")) | AD53: =IF(F53="","",IFERROR(VLOOKUP(F53,Action_Templates!$A:$Q,15,FALSE),"")) | AE53: =IF(O53="","",IF(OR(O53<>"Closed",AND(P53="YES",T53="Accepted")),"OK","BLOCKED")) | AF53: =IF(OR(AC53="",R53=""),"",IF(ISNUMBER(SEARCH(AC53,R53)),"OK","CHECK"))
A54: ACT-00053 | B54: ='Company_Profile'!B5 | C54: ='Company_Profile'!B2 | W54: =IF(AND(O54="Closed",AE54="OK"),TODAY(),"") | AB54: =IF(F54="","",IFERROR(VLOOKUP(F54,Action_Templates!$A:$Q,13,FALSE),"")) | AC54: =IF(F54="","",IFERROR(VLOOKUP(F54,Action_Templates!$A:$Q,14,FALSE),"")) | AD54: =IF(F54="","",IFERROR(VLOOKUP(F54,Action_Templates!$A:$Q,15,FALSE),"")) | AE54: =IF(O54="","",IF(OR(O54<>"Closed",AND(P54="YES",T54="Accepted")),"OK","BLOCKED")) | AF54: =IF(OR(AC54="",R54=""),"",IF(ISNUMBER(SEARCH(AC54,R54)),"OK","CHECK"))
A55: ACT-00054 | B55: ='Company_Profile'!B5 | C55: ='Company_Profile'!B2 | W55: =IF(AND(O55="Closed",AE55="OK"),TODAY(),"") | AB55: =IF(F55="","",IFERROR(VLOOKUP(F55,Action_Templates!$A:$Q,13,FALSE),"")) | AC55: =IF(F55="","",IFERROR(VLOOKUP(F55,Action_Templates!$A:$Q,14,FALSE),"")) | AD55: =IF(F55="","",IFERROR(VLOOKUP(F55,Action_Templates!$A:$Q,15,FALSE),"")) | AE55: =IF(O55="","",IF(OR(O55<>"Closed",AND(P55="YES",T55="Accepted")),"OK","BLOCKED")) | AF55: =IF(OR(AC55="",R55=""),"",IF(ISNUMBER(SEARCH(AC55,R55)),"OK","CHECK"))
A56: ACT-00055 | B56: ='Company_Profile'!B5 | C56: ='Company_Profile'!B2 | W56: =IF(AND(O56="Closed",AE56="OK"),TODAY(),"") | AB56: =IF(F56="","",IFERROR(VLOOKUP(F56,Action_Templates!$A:$Q,13,FALSE),"")) | AC56: =IF(F56="","",IFERROR(VLOOKUP(F56,Action_Templates!$A:$Q,14,FALSE),"")) | AD56: =IF(F56="","",IFERROR(VLOOKUP(F56,Action_Templates!$A:$Q,15,FALSE),"")) | AE56: =IF(O56="","",IF(OR(O56<>"Closed",AND(P56="YES",T56="Accepted")),"OK","BLOCKED")) | AF56: =IF(OR(AC56="",R56=""),"",IF(ISNUMBER(SEARCH(AC56,R56)),"OK","CHECK"))
A57: ACT-00056 | B57: ='Company_Profile'!B5 | C57: ='Company_Profile'!B2 | W57: =IF(AND(O57="Closed",AE57="OK"),TODAY(),"") | AB57: =IF(F57="","",IFERROR(VLOOKUP(F57,Action_Templates!$A:$Q,13,FALSE),"")) | AC57: =IF(F57="","",IFERROR(VLOOKUP(F57,Action_Templates!$A:$Q,14,FALSE),"")) | AD57: =IF(F57="","",IFERROR(VLOOKUP(F57,Action_Templates!$A:$Q,15,FALSE),"")) | AE57: =IF(O57="","",IF(OR(O57<>"Closed",AND(P57="YES",T57="Accepted")),"OK","BLOCKED")) | AF57: =IF(OR(AC57="",R57=""),"",IF(ISNUMBER(SEARCH(AC57,R57)),"OK","CHECK"))
A58: ACT-00057 | B58: ='Company_Profile'!B5 | C58: ='Company_Profile'!B2 | W58: =IF(AND(O58="Closed",AE58="OK"),TODAY(),"") | AB58: =IF(F58="","",IFERROR(VLOOKUP(F58,Action_Templates!$A:$Q,13,FALSE),"")) | AC58: =IF(F58="","",IFERROR(VLOOKUP(F58,Action_Templates!$A:$Q,14,FALSE),"")) | AD58: =IF(F58="","",IFERROR(VLOOKUP(F58,Action_Templates!$A:$Q,15,FALSE),"")) | AE58: =IF(O58="","",IF(OR(O58<>"Closed",AND(P58="YES",T58="Accepted")),"OK","BLOCKED")) | AF58: =IF(OR(AC58="",R58=""),"",IF(ISNUMBER(SEARCH(AC58,R58)),"OK","CHECK"))
A59: ACT-00058 | B59: ='Company_Profile'!B5 | C59: ='Company_Profile'!B2 | W59: =IF(AND(O59="Closed",AE59="OK"),TODAY(),"") | AB59: =IF(F59="","",IFERROR(VLOOKUP(F59,Action_Templates!$A:$Q,13,FALSE),"")) | AC59: =IF(F59="","",IFERROR(VLOOKUP(F59,Action_Templates!$A:$Q,14,FALSE),"")) | AD59: =IF(F59="","",IFERROR(VLOOKUP(F59,Action_Templates!$A:$Q,15,FALSE),"")) | AE59: =IF(O59="","",IF(OR(O59<>"Closed",AND(P59="YES",T59="Accepted")),"OK","BLOCKED")) | AF59: =IF(OR(AC59="",R59=""),"",IF(ISNUMBER(SEARCH(AC59,R59)),"OK","CHECK"))
A60: ACT-00059 | B60: ='Company_Profile'!B5 | C60: ='Company_Profile'!B2 | W60: =IF(AND(O60="Closed",AE60="OK"),TODAY(),"") | AB60: =IF(F60="","",IFERROR(VLOOKUP(F60,Action_Templates!$A:$Q,13,FALSE),"")) | AC60: =IF(F60="","",IFERROR(VLOOKUP(F60,Action_Templates!$A:$Q,14,FALSE),"")) | AD60: =IF(F60="","",IFERROR(VLOOKUP(F60,Action_Templates!$A:$Q,15,FALSE),"")) | AE60: =IF(O60="","",IF(OR(O60<>"Closed",AND(P60="YES",T60="Accepted")),"OK","BLOCKED")) | AF60: =IF(OR(AC60="",R60=""),"",IF(ISNUMBER(SEARCH(AC60,R60)),"OK","CHECK"))
A61: ACT-00060 | B61: ='Company_Profile'!B5 | C61: ='Company_Profile'!B2 | W61: =IF(AND(O61="Closed",AE61="OK"),TODAY(),"") | AB61: =IF(F61="","",IFERROR(VLOOKUP(F61,Action_Templates!$A:$Q,13,FALSE),"")) | AC61: =IF(F61="","",IFERROR(VLOOKUP(F61,Action_Templates!$A:$Q,14,FALSE),"")) | AD61: =IF(F61="","",IFERROR(VLOOKUP(F61,Action_Templates!$A:$Q,15,FALSE),"")) | AE61: =IF(O61="","",IF(OR(O61<>"Closed",AND(P61="YES",T61="Accepted")),"OK","BLOCKED")) | AF61: =IF(OR(AC61="",R61=""),"",IF(ISNUMBER(SEARCH(AC61,R61)),"OK","CHECK"))
A62: ACT-00061 | B62: ='Company_Profile'!B5 | C62: ='Company_Profile'!B2 | W62: =IF(AND(O62="Closed",AE62="OK"),TODAY(),"") | AB62: =IF(F62="","",IFERROR(VLOOKUP(F62,Action_Templates!$A:$Q,13,FALSE),"")) | AC62: =IF(F62="","",IFERROR(VLOOKUP(F62,Action_Templates!$A:$Q,14,FALSE),"")) | AD62: =IF(F62="","",IFERROR(VLOOKUP(F62,Action_Templates!$A:$Q,15,FALSE),"")) | AE62: =IF(O62="","",IF(OR(O62<>"Closed",AND(P62="YES",T62="Accepted")),"OK","BLOCKED")) | AF62: =IF(OR(AC62="",R62=""),"",IF(ISNUMBER(SEARCH(AC62,R62)),"OK","CHECK"))
A63: ACT-00062 | B63: ='Company_Profile'!B5 | C63: ='Company_Profile'!B2 | W63: =IF(AND(O63="Closed",AE63="OK"),TODAY(),"") | AB63: =IF(F63="","",IFERROR(VLOOKUP(F63,Action_Templates!$A:$Q,13,FALSE),"")) | AC63: =IF(F63="","",IFERROR(VLOOKUP(F63,Action_Templates!$A:$Q,14,FALSE),"")) | AD63: =IF(F63="","",IFERROR(VLOOKUP(F63,Action_Templates!$A:$Q,15,FALSE),"")) | AE63: =IF(O63="","",IF(OR(O63<>"Closed",AND(P63="YES",T63="Accepted")),"OK","BLOCKED")) | AF63: =IF(OR(AC63="",R63=""),"",IF(ISNUMBER(SEARCH(AC63,R63)),"OK","CHECK"))
A64: ACT-00063 | B64: ='Company_Profile'!B5 | C64: ='Company_Profile'!B2 | W64: =IF(AND(O64="Closed",AE64="OK"),TODAY(),"") | AB64: =IF(F64="","",IFERROR(VLOOKUP(F64,Action_Templates!$A:$Q,13,FALSE),"")) | AC64: =IF(F64="","",IFERROR(VLOOKUP(F64,Action_Templates!$A:$Q,14,FALSE),"")) | AD64: =IF(F64="","",IFERROR(VLOOKUP(F64,Action_Templates!$A:$Q,15,FALSE),"")) | AE64: =IF(O64="","",IF(OR(O64<>"Closed",AND(P64="YES",T64="Accepted")),"OK","BLOCKED")) | AF64: =IF(OR(AC64="",R64=""),"",IF(ISNUMBER(SEARCH(AC64,R64)),"OK","CHECK"))
A65: ACT-00064 | B65: ='Company_Profile'!B5 | C65: ='Company_Profile'!B2 | W65: =IF(AND(O65="Closed",AE65="OK"),TODAY(),"") | AB65: =IF(F65="","",IFERROR(VLOOKUP(F65,Action_Templates!$A:$Q,13,FALSE),"")) | AC65: =IF(F65="","",IFERROR(VLOOKUP(F65,Action_Templates!$A:$Q,14,FALSE),"")) | AD65: =IF(F65="","",IFERROR(VLOOKUP(F65,Action_Templates!$A:$Q,15,FALSE),"")) | AE65: =IF(O65="","",IF(OR(O65<>"Closed",AND(P65="YES",T65="Accepted")),"OK","BLOCKED")) | AF65: =IF(OR(AC65="",R65=""),"",IF(ISNUMBER(SEARCH(AC65,R65)),"OK","CHECK"))
A66: ACT-00065 | B66: ='Company_Profile'!B5 | C66: ='Company_Profile'!B2 | W66: =IF(AND(O66="Closed",AE66="OK"),TODAY(),"") | AB66: =IF(F66="","",IFERROR(VLOOKUP(F66,Action_Templates!$A:$Q,13,FALSE),"")) | AC66: =IF(F66="","",IFERROR(VLOOKUP(F66,Action_Templates!$A:$Q,14,FALSE),"")) | AD66: =IF(F66="","",IFERROR(VLOOKUP(F66,Action_Templates!$A:$Q,15,FALSE),"")) | AE66: =IF(O66="","",IF(OR(O66<>"Closed",AND(P66="YES",T66="Accepted")),"OK","BLOCKED")) | AF66: =IF(OR(AC66="",R66=""),"",IF(ISNUMBER(SEARCH(AC66,R66)),"OK","CHECK"))
A67: ACT-00066 | B67: ='Company_Profile'!B5 | C67: ='Company_Profile'!B2 | W67: =IF(AND(O67="Closed",AE67="OK"),TODAY(),"") | AB67: =IF(F67="","",IFERROR(VLOOKUP(F67,Action_Templates!$A:$Q,13,FALSE),"")) | AC67: =IF(F67="","",IFERROR(VLOOKUP(F67,Action_Templates!$A:$Q,14,FALSE),"")) | AD67: =IF(F67="","",IFERROR(VLOOKUP(F67,Action_Templates!$A:$Q,15,FALSE),"")) | AE67: =IF(O67="","",IF(OR(O67<>"Closed",AND(P67="YES",T67="Accepted")),"OK","BLOCKED")) | AF67: =IF(OR(AC67="",R67=""),"",IF(ISNUMBER(SEARCH(AC67,R67)),"OK","CHECK"))
A68: ACT-00067 | B68: ='Company_Profile'!B5 | C68: ='Company_Profile'!B2 | W68: =IF(AND(O68="Closed",AE68="OK"),TODAY(),"") | AB68: =IF(F68="","",IFERROR(VLOOKUP(F68,Action_Templates!$A:$Q,13,FALSE),"")) | AC68: =IF(F68="","",IFERROR(VLOOKUP(F68,Action_Templates!$A:$Q,14,FALSE),"")) | AD68: =IF(F68="","",IFERROR(VLOOKUP(F68,Action_Templates!$A:$Q,15,FALSE),"")) | AE68: =IF(O68="","",IF(OR(O68<>"Closed",AND(P68="YES",T68="Accepted")),"OK","BLOCKED")) | AF68: =IF(OR(AC68="",R68=""),"",IF(ISNUMBER(SEARCH(AC68,R68)),"OK","CHECK"))
A69: ACT-00068 | B69: ='Company_Profile'!B5 | C69: ='Company_Profile'!B2 | W69: =IF(AND(O69="Closed",AE69="OK"),TODAY(),"") | AB69: =IF(F69="","",IFERROR(VLOOKUP(F69,Action_Templates!$A:$Q,13,FALSE),"")) | AC69: =IF(F69="","",IFERROR(VLOOKUP(F69,Action_Templates!$A:$Q,14,FALSE),"")) | AD69: =IF(F69="","",IFERROR(VLOOKUP(F69,Action_Templates!$A:$Q,15,FALSE),"")) | AE69: =IF(O69="","",IF(OR(O69<>"Closed",AND(P69="YES",T69="Accepted")),"OK","BLOCKED")) | AF69: =IF(OR(AC69="",R69=""),"",IF(ISNUMBER(SEARCH(AC69,R69)),"OK","CHECK"))
A70: ACT-00069 | B70: ='Company_Profile'!B5 | C70: ='Company_Profile'!B2 | W70: =IF(AND(O70="Closed",AE70="OK"),TODAY(),"") | AB70: =IF(F70="","",IFERROR(VLOOKUP(F70,Action_Templates!$A:$Q,13,FALSE),"")) | AC70: =IF(F70="","",IFERROR(VLOOKUP(F70,Action_Templates!$A:$Q,14,FALSE),"")) | AD70: =IF(F70="","",IFERROR(VLOOKUP(F70,Action_Templates!$A:$Q,15,FALSE),"")) | AE70: =IF(O70="","",IF(OR(O70<>"Closed",AND(P70="YES",T70="Accepted")),"OK","BLOCKED")) | AF70: =IF(OR(AC70="",R70=""),"",IF(ISNUMBER(SEARCH(AC70,R70)),"OK","CHECK"))
A71: ACT-00070 | B71: ='Company_Profile'!B5 | C71: ='Company_Profile'!B2 | W71: =IF(AND(O71="Closed",AE71="OK"),TODAY(),"") | AB71: =IF(F71="","",IFERROR(VLOOKUP(F71,Action_Templates!$A:$Q,13,FALSE),"")) | AC71: =IF(F71="","",IFERROR(VLOOKUP(F71,Action_Templates!$A:$Q,14,FALSE),"")) | AD71: =IF(F71="","",IFERROR(VLOOKUP(F71,Action_Templates!$A:$Q,15,FALSE),"")) | AE71: =IF(O71="","",IF(OR(O71<>"Closed",AND(P71="YES",T71="Accepted")),"OK","BLOCKED")) | AF71: =IF(OR(AC71="",R71=""),"",IF(ISNUMBER(SEARCH(AC71,R71)),"OK","CHECK"))
A72: ACT-00071 | B72: ='Company_Profile'!B5 | C72: ='Company_Profile'!B2 | W72: =IF(AND(O72="Closed",AE72="OK"),TODAY(),"") | AB72: =IF(F72="","",IFERROR(VLOOKUP(F72,Action_Templates!$A:$Q,13,FALSE),"")) | AC72: =IF(F72="","",IFERROR(VLOOKUP(F72,Action_Templates!$A:$Q,14,FALSE),"")) | AD72: =IF(F72="","",IFERROR(VLOOKUP(F72,Action_Templates!$A:$Q,15,FALSE),"")) | AE72: =IF(O72="","",IF(OR(O72<>"Closed",AND(P72="YES",T72="Accepted")),"OK","BLOCKED")) | AF72: =IF(OR(AC72="",R72=""),"",IF(ISNUMBER(SEARCH(AC72,R72)),"OK","CHECK"))
A73: ACT-00072 | B73: ='Company_Profile'!B5 | C73: ='Company_Profile'!B2 | W73: =IF(AND(O73="Closed",AE73="OK"),TODAY(),"") | AB73: =IF(F73="","",IFERROR(VLOOKUP(F73,Action_Templates!$A:$Q,13,FALSE),"")) | AC73: =IF(F73="","",IFERROR(VLOOKUP(F73,Action_Templates!$A:$Q,14,FALSE),"")) | AD73: =IF(F73="","",IFERROR(VLOOKUP(F73,Action_Templates!$A:$Q,15,FALSE),"")) | AE73: =IF(O73="","",IF(OR(O73<>"Closed",AND(P73="YES",T73="Accepted")),"OK","BLOCKED")) | AF73: =IF(OR(AC73="",R73=""),"",IF(ISNUMBER(SEARCH(AC73,R73)),"OK","CHECK"))
A74: ACT-00073 | B74: ='Company_Profile'!B5 | C74: ='Company_Profile'!B2 | W74: =IF(AND(O74="Closed",AE74="OK"),TODAY(),"") | AB74: =IF(F74="","",IFERROR(VLOOKUP(F74,Action_Templates!$A:$Q,13,FALSE),"")) | AC74: =IF(F74="","",IFERROR(VLOOKUP(F74,Action_Templates!$A:$Q,14,FALSE),"")) | AD74: =IF(F74="","",IFERROR(VLOOKUP(F74,Action_Templates!$A:$Q,15,FALSE),"")) | AE74: =IF(O74="","",IF(OR(O74<>"Closed",AND(P74="YES",T74="Accepted")),"OK","BLOCKED")) | AF74: =IF(OR(AC74="",R74=""),"",IF(ISNUMBER(SEARCH(AC74,R74)),"OK","CHECK"))
A75: ACT-00074 | B75: ='Company_Profile'!B5 | C75: ='Company_Profile'!B2 | W75: =IF(AND(O75="Closed",AE75="OK"),TODAY(),"") | AB75: =IF(F75="","",IFERROR(VLOOKUP(F75,Action_Templates!$A:$Q,13,FALSE),"")) | AC75: =IF(F75="","",IFERROR(VLOOKUP(F75,Action_Templates!$A:$Q,14,FALSE),"")) | AD75: =IF(F75="","",IFERROR(VLOOKUP(F75,Action_Templates!$A:$Q,15,FALSE),"")) | AE75: =IF(O75="","",IF(OR(O75<>"Closed",AND(P75="YES",T75="Accepted")),"OK","BLOCKED")) | AF75: =IF(OR(AC75="",R75=""),"",IF(ISNUMBER(SEARCH(AC75,R75)),"OK","CHECK"))
A76: ACT-00075 | B76: ='Company_Profile'!B5 | C76: ='Company_Profile'!B2 | W76: =IF(AND(O76="Closed",AE76="OK"),TODAY(),"") | AB76: =IF(F76="","",IFERROR(VLOOKUP(F76,Action_Templates!$A:$Q,13,FALSE),"")) | AC76: =IF(F76="","",IFERROR(VLOOKUP(F76,Action_Templates!$A:$Q,14,FALSE),"")) | AD76: =IF(F76="","",IFERROR(VLOOKUP(F76,Action_Templates!$A:$Q,15,FALSE),"")) | AE76: =IF(O76="","",IF(OR(O76<>"Closed",AND(P76="YES",T76="Accepted")),"OK","BLOCKED")) | AF76: =IF(OR(AC76="",R76=""),"",IF(ISNUMBER(SEARCH(AC76,R76)),"OK","CHECK"))
A77: ACT-00076 | B77: ='Company_Profile'!B5 | C77: ='Company_Profile'!B2 | W77: =IF(AND(O77="Closed",AE77="OK"),TODAY(),"") | AB77: =IF(F77="","",IFERROR(VLOOKUP(F77,Action_Templates!$A:$Q,13,FALSE),"")) | AC77: =IF(F77="","",IFERROR(VLOOKUP(F77,Action_Templates!$A:$Q,14,FALSE),"")) | AD77: =IF(F77="","",IFERROR(VLOOKUP(F77,Action_Templates!$A:$Q,15,FALSE),"")) | AE77: =IF(O77="","",IF(OR(O77<>"Closed",AND(P77="YES",T77="Accepted")),"OK","BLOCKED")) | AF77: =IF(OR(AC77="",R77=""),"",IF(ISNUMBER(SEARCH(AC77,R77)),"OK","CHECK"))
A78: ACT-00077 | B78: ='Company_Profile'!B5 | C78: ='Company_Profile'!B2 | W78: =IF(AND(O78="Closed",AE78="OK"),TODAY(),"") | AB78: =IF(F78="","",IFERROR(VLOOKUP(F78,Action_Templates!$A:$Q,13,FALSE),"")) | AC78: =IF(F78="","",IFERROR(VLOOKUP(F78,Action_Templates!$A:$Q,14,FALSE),"")) | AD78: =IF(F78="","",IFERROR(VLOOKUP(F78,Action_Templates!$A:$Q,15,FALSE),"")) | AE78: =IF(O78="","",IF(OR(O78<>"Closed",AND(P78="YES",T78="Accepted")),"OK","BLOCKED")) | AF78: =IF(OR(AC78="",R78=""),"",IF(ISNUMBER(SEARCH(AC78,R78)),"OK","CHECK"))
A79: ACT-00078 | B79: ='Company_Profile'!B5 | C79: ='Company_Profile'!B2 | W79: =IF(AND(O79="Closed",AE79="OK"),TODAY(),"") | AB79: =IF(F79="","",IFERROR(VLOOKUP(F79,Action_Templates!$A:$Q,13,FALSE),"")) | AC79: =IF(F79="","",IFERROR(VLOOKUP(F79,Action_Templates!$A:$Q,14,FALSE),"")) | AD79: =IF(F79="","",IFERROR(VLOOKUP(F79,Action_Templates!$A:$Q,15,FALSE),"")) | AE79: =IF(O79="","",IF(OR(O79<>"Closed",AND(P79="YES",T79="Accepted")),"OK","BLOCKED")) | AF79: =IF(OR(AC79="",R79=""),"",IF(ISNUMBER(SEARCH(AC79,R79)),"OK","CHECK"))
A80: ACT-00079 | B80: ='Company_Profile'!B5 | C80: ='Company_Profile'!B2 | W80: =IF(AND(O80="Closed",AE80="OK"),TODAY(),"") | AB80: =IF(F80="","",IFERROR(VLOOKUP(F80,Action_Templates!$A:$Q,13,FALSE),"")) | AC80: =IF(F80="","",IFERROR(VLOOKUP(F80,Action_Templates!$A:$Q,14,FALSE),"")) | AD80: =IF(F80="","",IFERROR(VLOOKUP(F80,Action_Templates!$A:$Q,15,FALSE),"")) | AE80: =IF(O80="","",IF(OR(O80<>"Closed",AND(P80="YES",T80="Accepted")),"OK","BLOCKED")) | AF80: =IF(OR(AC80="",R80=""),"",IF(ISNUMBER(SEARCH(AC80,R80)),"OK","CHECK"))
A81: ACT-00080 | B81: ='Company_Profile'!B5 | C81: ='Company_Profile'!B2 | W81: =IF(AND(O81="Closed",AE81="OK"),TODAY(),"") | AB81: =IF(F81="","",IFERROR(VLOOKUP(F81,Action_Templates!$A:$Q,13,FALSE),"")) | AC81: =IF(F81="","",IFERROR(VLOOKUP(F81,Action_Templates!$A:$Q,14,FALSE),"")) | AD81: =IF(F81="","",IFERROR(VLOOKUP(F81,Action_Templates!$A:$Q,15,FALSE),"")) | AE81: =IF(O81="","",IF(OR(O81<>"Closed",AND(P81="YES",T81="Accepted")),"OK","BLOCKED")) | AF81: =IF(OR(AC81="",R81=""),"",IF(ISNUMBER(SEARCH(AC81,R81)),"OK","CHECK"))
A82: ACT-00081 | B82: ='Company_Profile'!B5 | C82: ='Company_Profile'!B2 | W82: =IF(AND(O82="Closed",AE82="OK"),TODAY(),"") | AB82: =IF(F82="","",IFERROR(VLOOKUP(F82,Action_Templates!$A:$Q,13,FALSE),"")) | AC82: =IF(F82="","",IFERROR(VLOOKUP(F82,Action_Templates!$A:$Q,14,FALSE),"")) | AD82: =IF(F82="","",IFERROR(VLOOKUP(F82,Action_Templates!$A:$Q,15,FALSE),"")) | AE82: =IF(O82="","",IF(OR(O82<>"Closed",AND(P82="YES",T82="Accepted")),"OK","BLOCKED")) | AF82: =IF(OR(AC82="",R82=""),"",IF(ISNUMBER(SEARCH(AC82,R82)),"OK","CHECK"))
A83: ACT-00082 | B83: ='Company_Profile'!B5 | C83: ='Company_Profile'!B2 | W83: =IF(AND(O83="Closed",AE83="OK"),TODAY(),"") | AB83: =IF(F83="","",IFERROR(VLOOKUP(F83,Action_Templates!$A:$Q,13,FALSE),"")) | AC83: =IF(F83="","",IFERROR(VLOOKUP(F83,Action_Templates!$A:$Q,14,FALSE),"")) | AD83: =IF(F83="","",IFERROR(VLOOKUP(F83,Action_Templates!$A:$Q,15,FALSE),"")) | AE83: =IF(O83="","",IF(OR(O83<>"Closed",AND(P83="YES",T83="Accepted")),"OK","BLOCKED")) | AF83: =IF(OR(AC83="",R83=""),"",IF(ISNUMBER(SEARCH(AC83,R83)),"OK","CHECK"))
A84: ACT-00083 | B84: ='Company_Profile'!B5 | C84: ='Company_Profile'!B2 | W84: =IF(AND(O84="Closed",AE84="OK"),TODAY(),"") | AB84: =IF(F84="","",IFERROR(VLOOKUP(F84,Action_Templates!$A:$Q,13,FALSE),"")) | AC84: =IF(F84="","",IFERROR(VLOOKUP(F84,Action_Templates!$A:$Q,14,FALSE),"")) | AD84: =IF(F84="","",IFERROR(VLOOKUP(F84,Action_Templates!$A:$Q,15,FALSE),"")) | AE84: =IF(O84="","",IF(OR(O84<>"Closed",AND(P84="YES",T84="Accepted")),"OK","BLOCKED")) | AF84: =IF(OR(AC84="",R84=""),"",IF(ISNUMBER(SEARCH(AC84,R84)),"OK","CHECK"))
A85: ACT-00084 | B85: ='Company_Profile'!B5 | C85: ='Company_Profile'!B2 | W85: =IF(AND(O85="Closed",AE85="OK"),TODAY(),"") | AB85: =IF(F85="","",IFERROR(VLOOKUP(F85,Action_Templates!$A:$Q,13,FALSE),"")) | AC85: =IF(F85="","",IFERROR(VLOOKUP(F85,Action_Templates!$A:$Q,14,FALSE),"")) | AD85: =IF(F85="","",IFERROR(VLOOKUP(F85,Action_Templates!$A:$Q,15,FALSE),"")) | AE85: =IF(O85="","",IF(OR(O85<>"Closed",AND(P85="YES",T85="Accepted")),"OK","BLOCKED")) | AF85: =IF(OR(AC85="",R85=""),"",IF(ISNUMBER(SEARCH(AC85,R85)),"OK","CHECK"))
A86: ACT-00085 | B86: ='Company_Profile'!B5 | C86: ='Company_Profile'!B2 | W86: =IF(AND(O86="Closed",AE86="OK"),TODAY(),"") | AB86: =IF(F86="","",IFERROR(VLOOKUP(F86,Action_Templates!$A:$Q,13,FALSE),"")) | AC86: =IF(F86="","",IFERROR(VLOOKUP(F86,Action_Templates!$A:$Q,14,FALSE),"")) | AD86: =IF(F86="","",IFERROR(VLOOKUP(F86,Action_Templates!$A:$Q,15,FALSE),"")) | AE86: =IF(O86="","",IF(OR(O86<>"Closed",AND(P86="YES",T86="Accepted")),"OK","BLOCKED")) | AF86: =IF(OR(AC86="",R86=""),"",IF(ISNUMBER(SEARCH(AC86,R86)),"OK","CHECK"))
A87: ACT-00086 | B87: ='Company_Profile'!B5 | C87: ='Company_Profile'!B2 | W87: =IF(AND(O87="Closed",AE87="OK"),TODAY(),"") | AB87: =IF(F87="","",IFERROR(VLOOKUP(F87,Action_Templates!$A:$Q,13,FALSE),"")) | AC87: =IF(F87="","",IFERROR(VLOOKUP(F87,Action_Templates!$A:$Q,14,FALSE),"")) | AD87: =IF(F87="","",IFERROR(VLOOKUP(F87,Action_Templates!$A:$Q,15,FALSE),"")) | AE87: =IF(O87="","",IF(OR(O87<>"Closed",AND(P87="YES",T87="Accepted")),"OK","BLOCKED")) | AF87: =IF(OR(AC87="",R87=""),"",IF(ISNUMBER(SEARCH(AC87,R87)),"OK","CHECK"))
A88: ACT-00087 | B88: ='Company_Profile'!B5 | C88: ='Company_Profile'!B2 | W88: =IF(AND(O88="Closed",AE88="OK"),TODAY(),"") | AB88: =IF(F88="","",IFERROR(VLOOKUP(F88,Action_Templates!$A:$Q,13,FALSE),"")) | AC88: =IF(F88="","",IFERROR(VLOOKUP(F88,Action_Templates!$A:$Q,14,FALSE),"")) | AD88: =IF(F88="","",IFERROR(VLOOKUP(F88,Action_Templates!$A:$Q,15,FALSE),"")) | AE88: =IF(O88="","",IF(OR(O88<>"Closed",AND(P88="YES",T88="Accepted")),"OK","BLOCKED")) | AF88: =IF(OR(AC88="",R88=""),"",IF(ISNUMBER(SEARCH(AC88,R88)),"OK","CHECK"))
A89: ACT-00088 | B89: ='Company_Profile'!B5 | C89: ='Company_Profile'!B2 | W89: =IF(AND(O89="Closed",AE89="OK"),TODAY(),"") | AB89: =IF(F89="","",IFERROR(VLOOKUP(F89,Action_Templates!$A:$Q,13,FALSE),"")) | AC89: =IF(F89="","",IFERROR(VLOOKUP(F89,Action_Templates!$A:$Q,14,FALSE),"")) | AD89: =IF(F89="","",IFERROR(VLOOKUP(F89,Action_Templates!$A:$Q,15,FALSE),"")) | AE89: =IF(O89="","",IF(OR(O89<>"Closed",AND(P89="YES",T89="Accepted")),"OK","BLOCKED")) | AF89: =IF(OR(AC89="",R89=""),"",IF(ISNUMBER(SEARCH(AC89,R89)),"OK","CHECK"))
A90: ACT-00089 | B90: ='Company_Profile'!B5 | C90: ='Company_Profile'!B2 | W90: =IF(AND(O90="Closed",AE90="OK"),TODAY(),"") | AB90: =IF(F90="","",IFERROR(VLOOKUP(F90,Action_Templates!$A:$Q,13,FALSE),"")) | AC90: =IF(F90="","",IFERROR(VLOOKUP(F90,Action_Templates!$A:$Q,14,FALSE),"")) | AD90: =IF(F90="","",IFERROR(VLOOKUP(F90,Action_Templates!$A:$Q,15,FALSE),"")) | AE90: =IF(O90="","",IF(OR(O90<>"Closed",AND(P90="YES",T90="Accepted")),"OK","BLOCKED")) | AF90: =IF(OR(AC90="",R90=""),"",IF(ISNUMBER(SEARCH(AC90,R90)),"OK","CHECK"))
A91: ACT-00090 | B91: ='Company_Profile'!B5 | C91: ='Company_Profile'!B2 | W91: =IF(AND(O91="Closed",AE91="OK"),TODAY(),"") | AB91: =IF(F91="","",IFERROR(VLOOKUP(F91,Action_Templates!$A:$Q,13,FALSE),"")) | AC91: =IF(F91="","",IFERROR(VLOOKUP(F91,Action_Templates!$A:$Q,14,FALSE),"")) | AD91: =IF(F91="","",IFERROR(VLOOKUP(F91,Action_Templates!$A:$Q,15,FALSE),"")) | AE91: =IF(O91="","",IF(OR(O91<>"Closed",AND(P91="YES",T91="Accepted")),"OK","BLOCKED")) | AF91: =IF(OR(AC91="",R91=""),"",IF(ISNUMBER(SEARCH(AC91,R91)),"OK","CHECK"))
A92: ACT-00091 | B92: ='Company_Profile'!B5 | C92: ='Company_Profile'!B2 | W92: =IF(AND(O92="Closed",AE92="OK"),TODAY(),"") | AB92: =IF(F92="","",IFERROR(VLOOKUP(F92,Action_Templates!$A:$Q,13,FALSE),"")) | AC92: =IF(F92="","",IFERROR(VLOOKUP(F92,Action_Templates!$A:$Q,14,FALSE),"")) | AD92: =IF(F92="","",IFERROR(VLOOKUP(F92,Action_Templates!$A:$Q,15,FALSE),"")) | AE92: =IF(O92="","",IF(OR(O92<>"Closed",AND(P92="YES",T92="Accepted")),"OK","BLOCKED")) | AF92: =IF(OR(AC92="",R92=""),"",IF(ISNUMBER(SEARCH(AC92,R92)),"OK","CHECK"))
A93: ACT-00092 | B93: ='Company_Profile'!B5 | C93: ='Company_Profile'!B2 | W93: =IF(AND(O93="Closed",AE93="OK"),TODAY(),"") | AB93: =IF(F93="","",IFERROR(VLOOKUP(F93,Action_Templates!$A:$Q,13,FALSE),"")) | AC93: =IF(F93="","",IFERROR(VLOOKUP(F93,Action_Templates!$A:$Q,14,FALSE),"")) | AD93: =IF(F93="","",IFERROR(VLOOKUP(F93,Action_Templates!$A:$Q,15,FALSE),"")) | AE93: =IF(O93="","",IF(OR(O93<>"Closed",AND(P93="YES",T93="Accepted")),"OK","BLOCKED")) | AF93: =IF(OR(AC93="",R93=""),"",IF(ISNUMBER(SEARCH(AC93,R93)),"OK","CHECK"))
A94: ACT-00093 | B94: ='Company_Profile'!B5 | C94: ='Company_Profile'!B2 | W94: =IF(AND(O94="Closed",AE94="OK"),TODAY(),"") | AB94: =IF(F94="","",IFERROR(VLOOKUP(F94,Action_Templates!$A:$Q,13,FALSE),"")) | AC94: =IF(F94="","",IFERROR(VLOOKUP(F94,Action_Templates!$A:$Q,14,FALSE),"")) | AD94: =IF(F94="","",IFERROR(VLOOKUP(F94,Action_Templates!$A:$Q,15,FALSE),"")) | AE94: =IF(O94="","",IF(OR(O94<>"Closed",AND(P94="YES",T94="Accepted")),"OK","BLOCKED")) | AF94: =IF(OR(AC94="",R94=""),"",IF(ISNUMBER(SEARCH(AC94,R94)),"OK","CHECK"))
A95: ACT-00094 | B95: ='Company_Profile'!B5 | C95: ='Company_Profile'!B2 | W95: =IF(AND(O95="Closed",AE95="OK"),TODAY(),"") | AB95: =IF(F95="","",IFERROR(VLOOKUP(F95,Action_Templates!$A:$Q,13,FALSE),"")) | AC95: =IF(F95="","",IFERROR(VLOOKUP(F95,Action_Templates!$A:$Q,14,FALSE),"")) | AD95: =IF(F95="","",IFERROR(VLOOKUP(F95,Action_Templates!$A:$Q,15,FALSE),"")) | AE95: =IF(O95="","",IF(OR(O95<>"Closed",AND(P95="YES",T95="Accepted")),"OK","BLOCKED")) | AF95: =IF(OR(AC95="",R95=""),"",IF(ISNUMBER(SEARCH(AC95,R95)),"OK","CHECK"))
A96: ACT-00095 | B96: ='Company_Profile'!B5 | C96: ='Company_Profile'!B2 | W96: =IF(AND(O96="Closed",AE96="OK"),TODAY(),"") | AB96: =IF(F96="","",IFERROR(VLOOKUP(F96,Action_Templates!$A:$Q,13,FALSE),"")) | AC96: =IF(F96="","",IFERROR(VLOOKUP(F96,Action_Templates!$A:$Q,14,FALSE),"")) | AD96: =IF(F96="","",IFERROR(VLOOKUP(F96,Action_Templates!$A:$Q,15,FALSE),"")) | AE96: =IF(O96="","",IF(OR(O96<>"Closed",AND(P96="YES",T96="Accepted")),"OK","BLOCKED")) | AF96: =IF(OR(AC96="",R96=""),"",IF(ISNUMBER(SEARCH(AC96,R96)),"OK","CHECK"))
A97: ACT-00096 | B97: ='Company_Profile'!B5 | C97: ='Company_Profile'!B2 | W97: =IF(AND(O97="Closed",AE97="OK"),TODAY(),"") | AB97: =IF(F97="","",IFERROR(VLOOKUP(F97,Action_Templates!$A:$Q,13,FALSE),"")) | AC97: =IF(F97="","",IFERROR(VLOOKUP(F97,Action_Templates!$A:$Q,14,FALSE),"")) | AD97: =IF(F97="","",IFERROR(VLOOKUP(F97,Action_Templates!$A:$Q,15,FALSE),"")) | AE97: =IF(O97="","",IF(OR(O97<>"Closed",AND(P97="YES",T97="Accepted")),"OK","BLOCKED")) | AF97: =IF(OR(AC97="",R97=""),"",IF(ISNUMBER(SEARCH(AC97,R97)),"OK","CHECK"))
A98: ACT-00097 | B98: ='Company_Profile'!B5 | C98: ='Company_Profile'!B2 | W98: =IF(AND(O98="Closed",AE98="OK"),TODAY(),"") | AB98: =IF(F98="","",IFERROR(VLOOKUP(F98,Action_Templates!$A:$Q,13,FALSE),"")) | AC98: =IF(F98="","",IFERROR(VLOOKUP(F98,Action_Templates!$A:$Q,14,FALSE),"")) | AD98: =IF(F98="","",IFERROR(VLOOKUP(F98,Action_Templates!$A:$Q,15,FALSE),"")) | AE98: =IF(O98="","",IF(OR(O98<>"Closed",AND(P98="YES",T98="Accepted")),"OK","BLOCKED")) | AF98: =IF(OR(AC98="",R98=""),"",IF(ISNUMBER(SEARCH(AC98,R98)),"OK","CHECK"))
A99: ACT-00098 | B99: ='Company_Profile'!B5 | C99: ='Company_Profile'!B2 | W99: =IF(AND(O99="Closed",AE99="OK"),TODAY(),"") | AB99: =IF(F99="","",IFERROR(VLOOKUP(F99,Action_Templates!$A:$Q,13,FALSE),"")) | AC99: =IF(F99="","",IFERROR(VLOOKUP(F99,Action_Templates!$A:$Q,14,FALSE),"")) | AD99: =IF(F99="","",IFERROR(VLOOKUP(F99,Action_Templates!$A:$Q,15,FALSE),"")) | AE99: =IF(O99="","",IF(OR(O99<>"Closed",AND(P99="YES",T99="Accepted")),"OK","BLOCKED")) | AF99: =IF(OR(AC99="",R99=""),"",IF(ISNUMBER(SEARCH(AC99,R99)),"OK","CHECK"))
A100: ACT-00099 | B100: ='Company_Profile'!B5 | C100: ='Company_Profile'!B2 | W100: =IF(AND(O100="Closed",AE100="OK"),TODAY(),"") | AB100: =IF(F100="","",IFERROR(VLOOKUP(F100,Action_Templates!$A:$Q,13,FALSE),"")) | AC100: =IF(F100="","",IFERROR(VLOOKUP(F100,Action_Templates!$A:$Q,14,FALSE),"")) | AD100: =IF(F100="","",IFERROR(VLOOKUP(F100,Action_Templates!$A:$Q,15,FALSE),"")) | AE100: =IF(O100="","",IF(OR(O100<>"Closed",AND(P100="YES",T100="Accepted")),"OK","BLOCKED")) | AF100: =IF(OR(AC100="",R100=""),"",IF(ISNUMBER(SEARCH(AC100,R100)),"OK","CHECK"))
...

Sheet Action_Generator
A1: Template_ID | B1: Template_Name | C1: Pillar | D1: Subscore | E1: Trigger_Type | F1: Trigger_Condition | G1: Driver | H1: Driver_Cell | I1: Operator | J1: Threshold | K1: Trigger_Met
A2: SAF-SUB-INS-001 | B2: Continuous Subcontractor Insurance Monitoring | C2: Safety | D2: Subcontractor – Insurance Continuity | E2: Guardrail | F2: Insurance Continuity <= 2 | G2: Insurance Continuity | H2: 'Subcontractor_SubScore'!C3 | I2: <= | J2: 2 | K2: =IF(OR(H2="",J2=""),"",IF(INDIRECT(H2)<=VALUE(J2),"YES","NO"))
A3: SAF-SUB-TRN-001 | B3: Subcontractor Safety Program Submission & Alignment | C3: Safety | D3: Subcontractor – Training & Oversight | E3: Score Threshold | F3: Training & Oversight <= 3 | G3: Training & Oversight | H3: 'Subcontractor_SubScore'!C2 | I3: <= | J3: 3 | K3: =IF(OR(H3="",J3=""),"",IF(INDIRECT(H3)<=VALUE(J3),"YES","NO"))
A4: SAF-SUB-TRN-002 | B4: Site-Specific Safety Orientation | C4: Safety | D4: Subcontractor – Training & Oversight | E4: Score Threshold | F4: Training & Oversight <= 3 | G4: Training & Oversight | H4: 'Subcontractor_SubScore'!C2 | I4: <= | J4: 3 | K4: =IF(OR(H4="",J4=""),"",IF(INDIRECT(H4)<=VALUE(J4),"YES","NO"))
A5: SAF-SUB-CRT-001 | B5: Contractual Insurance Requirement Standardization | C5: Safety | D5: Subcontractor – Coverage & Contract Integrity | E5: Score Threshold | F5: Coverage Integrity <= 3 | G5: Coverage Integrity | H5: 'Subcontractor_SubScore'!C4 | I5: <= | J5: 3 | K5: =IF(OR(H5="",J5=""),"",IF(INDIRECT(H5)<=VALUE(J5),"YES","NO"))
A6: SAF-SUB-CRT-002 | B6: Coverage & Endorsement Verification | C6: Safety | D6: Subcontractor – Coverage & Contract Integrity | E6: Score Threshold | F6: Coverage Integrity <= 3 | G6: Coverage Integrity | H6: 'Subcontractor_SubScore'!C4 | I6: <= | J6: 3 | K6: =IF(OR(H6="",J6=""),"",IF(INDIRECT(H6)<=VALUE(J6),"YES","NO"))

Sheet Outcome_Tracking
A1: Outcome_ID | B1: Assessment_ID | C1: Company_Name | D1: Checkpoint | E1: As_Of_Date | F1: Line_of_Coverage | G1: Carrier | H1: Earned_Premium | I1: Incurred_Losses | J1: Claim_Count | K1: Loss_Ratio | L1: Prior_Loss_Ratio | M1: Trend_Indicator | N1: Closed_Actions_To_Date | O1: Guardrail_Active | P1: Prior_As_Of_Date | Q1: Closed_Actions_Since_Prior | R1: Closed_Critical_Since_Prior
A2: OUT-00001 | B2: ='Company_Profile'!B5 | C2: ='Company_Profile'!B2 | K2: =IFERROR(I2/H2,"") | M2: =IF(OR(K2="",L2=""),"",IF(K2<L2,"Improving",IF(K2=L2,"Stable","Adverse"))) | N2: =COUNTIF(Action_Register!O:O,"Closed") | O2: =Summary!B21 | Q2: =IF(E2="","",IF(P2="",COUNTIFS(Action_Register!O:O,"Closed",Action_Register!W:W,"<="&E2),COUNTIFS(Action_Register!O:O,"Closed",Action_Register!W:W,">"&P2,Action_Register!W:W,"<="&E2))) | R2: =IF(E2="","",IF(P2="",COUNTIFS(Action_Register!O:O,"Closed",Action_Register!J:J,"Critical",Action_Register!W:W,"<="&E2),COUNTIFS(Action_Register!O:O,"Closed",Action_Register!J:J,"Critical",Action_Register!W:W,">"&P2,Action_Register!W:W,"<="&E2)))
A3: OUT-00002 | B3: ='Company_Profile'!B5 | C3: ='Company_Profile'!B2 | K3: =IFERROR(I3/H3,"") | L3: =IFERROR(OFFSET(K3,-1,0),"") | M3: =IF(OR(K3="",L3=""),"",IF(K3<L3,"Improving",IF(K3=L3,"Stable","Adverse"))) | N3: =COUNTIF(Action_Register!O:O,"Closed") | O3: =Summary!B21 | P3: =IF(E3="","",IFERROR(OFFSET(E3,-1,0),"")) | Q3: =IF(E3="","",IF(P3="",COUNTIFS(Action_Register!O:O,"Closed",Action_Register!W:W,"<="&E3),COUNTIFS(Action_Register!O:O,"Closed",Action_Register!W:W,">"&P3,Action_Register!W:W,"<="&E3))) | R3: =IF(E3="","",IF(P3="",COUNTIFS(Action_Register!O:O,"Closed",Action_Register!J:J,"Critical",Action_Register!W:W,"<="&E3),COUNTIFS(Action_Register!O:O,"Closed",Action_Register!J:J,"Critical",Action_Register!W:W,">"&P3,Action_Register!W:W,"<="&E3)))
A4: OUT-00003 | B4: ='Company_Profile'!B5 | C4: ='Company_Profile'!B2 | K4: =IFERROR(I4/H4,"") | L4: =IFERROR(OFFSET(K4,-1,0),"") | M4: =IF(OR(K4="",L4=""),"",IF(K4<L4,"Improving",IF(K4=L4,"Stable","Adverse"))) | N4: =COUNTIF(Action_Register!O:O,"Closed") | O4: =Summary!B21 | P4: =IF(E4="","",IFERROR(OFFSET(E4,-1,0),"")) | Q4: =IF(E4="","",IF(P4="",COUNTIFS(Action_Register!O:O,"Closed",Action_Register!W:W,"<="&E4),COUNTIFS(Action_Register!O:O,"Closed",Action_Register!W:W,">"&P4,Action_Register!W:W,"<="&E4))) | R4: =IF(E4="","",IF(P4="",COUNTIFS(Action_Register!O:O,"Closed",Action_Register!J:J,"Critical",Action_Register!W:W,"<="&E4),COUNTIFS(Action_Register!O:O,"Closed",Action_Register!J:J,"Critical",Action_Register!W:W,">"&P4,Action_Register!W:W,"<="&E4)))
A5: OUT-00004 | B5: ='Company_Profile'!B5 | C5: ='Company_Profile'!B2 | K5: =IFERROR(I5/H5,"") | L5: =IFERROR(OFFSET(K5,-1,0),"") | M5: =IF(OR(K5="",L5=""),"",IF(K5<L5,"Improving",IF(K5=L5,"Stable","Adverse"))) | N5: =COUNTIF(Action_Register!O:O,"Closed") | O5: =Summary!B21 | P5: =IF(E5="","",IFERROR(OFFSET(E5,-1,0),"")) | Q5: =IF(E5="","",IF(P5="",COUNTIFS(Action_Register!O:O,"Closed",Action_Register!W:W,"<="&E5),COUNTIFS(Action_Register!O:O,"Closed",Action_Register!W:W,">"&P5,Action_Register!W:W,"<="&E5))) | R5: =IF(E5="","",IF(P5="",COUNTIFS(Action_Register!O:O,"Closed",Action_Register!J:J,"Critical",Action_Register!W:W,"<="&E5),COUNTIFS(Action_Register!O:O,"Closed",Action_Register!J:J,"Critical",Action_Register!W:W,">"&P5,Action_Register!W:W,"<="&E5)))
A6: OUT-00005 | B6: ='Company_Profile'!B5 | C6: ='Company_Profile'!B2 | K6: =IFERROR(I6/H6,"") | L6: =IFERROR(OFFSET(K6,-1,0),"") | M6: =IF(OR(K6="",L6=""),"",IF(K6<L6,"Improving",IF(K6=L6,"Stable","Adverse"))) | N6: =COUNTIF(Action_Register!O:O,"Closed") | O6: =Summary!B21 | P6: =IF(E6="","",IFERROR(OFFSET(E6,-1,0),"")) | Q6: =IF(E6="","",IF(P6="",COUNTIFS(Action_Register!O:O,"Closed",Action_Register!W:W,"<="&E6),COUNTIFS(Action_Register!O:O,"Closed",Action_Register!W:W,">"&P6,Action_Register!W:W,"<="&E6))) | R6: =IF(E6="","",IF(P6="",COUNTIFS(Action_Register!O:O,"Closed",Action_Register!J:J,"Critical",Action_Register!W:W,"<="&E6),COUNTIFS(Action_Register!O:O,"Closed",Action_Register!J:J,"Critical",Action_Register!W:W,">"&P6,Action_Register!W:W,"<="&E6)))
A7: OUT-00006 | B7: ='Company_Profile'!B5 | C7: ='Company_Profile'!B2 | K7: =IFERROR(I7/H7,"") | L7: =IFERROR(OFFSET(K7,-1,0),"") | M7: =IF(OR(K7="",L7=""),"",IF(K7<L7,"Improving",IF(K7=L7,"Stable","Adverse"))) | N7: =COUNTIF(Action_Register!O:O,"Closed") | O7: =Summary!B21 | P7: =IF(E7="","",IFERROR(OFFSET(E7,-1,0),"")) | Q7: =IF(E7="","",IF(P7="",COUNTIFS(Action_Register!O:O,"Closed",Action_Register!W:W,"<="&E7),COUNTIFS(Action_Register!O:O,"Closed",Action_Register!W:W,">"&P7,Action_Register!W:W,"<="&E7))) | R7: =IF(E7="","",IF(P7="",COUNTIFS(Action_Register!O:O,"Closed",Action_Register!J:J,"Critical",Action_Register!W:W,"<="&E7),COUNTIFS(Action_Register!O:O,"Closed",Action_Register!J:J,"Critical",Action_Register!W:W,">"&P7,Action_Register!W:W,"<="&E7)))
A8: OUT-00007 | B8: ='Company_Profile'!B5 | C8: ='Company_Profile'!B2 | K8: =IFERROR(I8/H8,"") | L8: =IFERROR(OFFSET(K8,-1,0),"") | M8: =IF(OR(K8="",L8=""),"",IF(K8<L8,"Improving",IF(K8=L8,"Stable","Adverse"))) | N8: =COUNTIF(Action_Register!O:O,"Closed") | O8: =Summary!B21 | P8: =IF(E8="","",IFERROR(OFFSET(E8,-1,0),"")) | Q8: =IF(E8="","",IF(P8="",COUNTIFS(Action_Register!O:O,"Closed",Action_Register!W:W,"<="&E8),COUNTIFS(Action_Register!O:O,"Closed",Action_Register!W:W,">"&P8,Action_Register!W:W,"<="&E8))) | R8: =IF(E8="","",IF(P8="",COUNTIFS(Action_Register!O:O,"Closed",Action_Register!J:J,"Critical",Action_Register!W:W,"<="&E8),COUNTIFS(Action_Register!O:O,"Closed",Action_Register!J:J,"Critical",Action_Register!W:W,">"&P8,Action_Register!W:W,"<="&E8)))
A9: OUT-00008 | B9: ='Company_Profile'!B5 | C9: ='Company_Profile'!B2 | K9: =IFERROR(I9/H9,"") | L9: =IFERROR(OFFSET(K9,-1,0),"") | M9: =IF(OR(K9="",L9=""),"",IF(K9<L9,"Improving",IF(K9=L9,"Stable","Adverse"))) | N9: =COUNTIF(Action_Register!O:O,"Closed") | O9: =Summary!B21 | P9: =IF(E9="","",IFERROR(OFFSET(E9,-1,0),"")) | Q9: =IF(E9="","",IF(P9="",COUNTIFS(Action_Register!O:O,"Closed",Action_Register!W:W,"<="&E9),COUNTIFS(Action_Register!O:O,"Closed",Action_Register!W:W,">"&P9,Action_Register!W:W,"<="&E9))) | R9: =IF(E9="","",IF(P9="",COUNTIFS(Action_Register!O:O,"Closed",Action_Register!J:J,"Critical",Action_Register!W:W,"<="&E9),COUNTIFS(Action_Register!O:O,"Closed",Action_Register!J:J,"Critical",Action_Register!W:W,">"&P9,Action_Register!W:W,"<="&E9)))
A10: OUT-00009 | B10: ='Company_Profile'!B5 | C10: ='Company_Profile'!B2 | K10: =IFERROR(I10/H10,"") | L10: =IFERROR(OFFSET(K10,-1,0),"") | M10: =IF(OR(K10="",L10=""),"",IF(K10<L10,"Improving",IF(K10=L10,"Stable","Adverse"))) | N10: =COUNTIF(Action_Register!O:O,"Closed") | O10: =Summary!B21 | P10: =IF(E10="","",IFERROR(OFFSET(E10,-1,0),"")) | Q10: =IF(E10="","",IF(P10="",COUNTIFS(Action_Register!O:O,"Closed",Action_Register!W:W,"<="&E10),COUNTIFS(Action_Register!O:O,"Closed",Action_Register!W:W,">"&P10,Action_Register!W:W,"<="&E10))) | R10: =IF(E10="","",IF(P10="",COUNTIFS(Action_Register!O:O,"Closed",Action_Register!J:J,"Critical",Action_Register!W:W,"<="&E10),COUNTIFS(Action_Register!O:O,"Closed",Action_Register!J:J,"Critical",Action_Register!W:W,">"&P10,Action_Register!W:W,"<="&E10)))
A11: OUT-00010 | B11: ='Company_Profile'!B5 | C11: ='Company_Profile'!B2 | K11: =IFERROR(I11/H11,"") | L11: =IFERROR(OFFSET(K11,-1,0),"") | M11: =IF(OR(K11="",L11=""),"",IF(K11<L11,"Improving",IF(K11=L11,"Stable","Adverse"))) | N11: =COUNTIF(Action_Register!O:O,"Closed") | O11: =Summary!B21 | P11: =IF(E11="","",IFERROR(OFFSET(E11,-1,0),"")) | Q11: =IF(E11="","",IF(P11="",COUNTIFS(Action_Register!O:O,"Closed",Action_Register!W:W,"<="&E11),COUNTIFS(Action_Register!O:O,"Closed",Action_Register!W:W,">"&P11,Action_Register!W:W,"<="&E11))) | R11: =IF(E11="","",IF(P11="",COUNTIFS(Action_Register!O:O,"Closed",Action_Register!J:J,"Critical",Action_Register!W:W,"<="&E11),COUNTIFS(Action_Register!O:O,"Closed",Action_Register!J:J,"Critical",Action_Register!W:W,">"&P11,Action_Register!W:W,"<="&E11)))
A12: OUT-00011 | B12: ='Company_Profile'!B5 | C12: ='Company_Profile'!B2 | K12: =IFERROR(I12/H12,"") | L12: =IFERROR(OFFSET(K12,-1,0),"") | M12: =IF(OR(K12="",L12=""),"",IF(K12<L12,"Improving",IF(K12=L12,"Stable","Adverse"))) | N12: =COUNTIF(Action_Register!O:O,"Closed") | O12: =Summary!B21 | P12: =IF(E12="","",IFERROR(OFFSET(E12,-1,0),"")) | Q12: =IF(E12="","",IF(P12="",COUNTIFS(Action_Register!O:O,"Closed",Action_Register!W:W,"<="&E12),COUNTIFS(Action_Register!O:O,"Closed",Action_Register!W:W,">"&P12,Action_Register!W:W,"<="&E12))) | R12: =IF(E12="","",IF(P12="",COUNTIFS(Action_Register!O:O,"Closed",Action_Register!J:J,"Critical",Action_Register!W:W,"<="&E12),COUNTIFS(Action_Register!O:O,"Closed",Action_Register!J:J,"Critical",Action_Register!W:W,">"&P12,Action_Register!W:W,"<="&E12)))
A13: OUT-00012 | B13: ='Company_Profile'!B5 | C13: ='Company_Profile'!B2 | K13: =IFERROR(I13/H13,"") | L13: =IFERROR(OFFSET(K13,-1,0),"") | M13: =IF(OR(K13="",L13=""),"",IF(K13<L13,"Improving",IF(K13=L13,"Stable","Adverse"))) | N13: =COUNTIF(Action_Register!O:O,"Closed") | O13: =Summary!B21 | P13: =IF(E13="","",IFERROR(OFFSET(E13,-1,0),"")) | Q13: =IF(E13="","",IF(P13="",COUNTIFS(Action_Register!O:O,"Closed",Action_Register!W:W,"<="&E13),COUNTIFS(Action_Register!O:O,"Closed",Action_Register!W:W,">"&P13,Action_Register!W:W,"<="&E13))) | R13: =IF(E13="","",IF(P13="",COUNTIFS(Action_Register!O:O,"Closed",Action_Register!J:J,"Critical",Action_Register!W:W,"<="&E13),COUNTIFS(Action_Register!O:O,"Closed",Action_Register!J:J,"Critical",Action_Register!W:W,">"&P13,Action_Register!W:W,"<="&E13)))
A14: OUT-00013 | B14: ='Company_Profile'!B5 | C14: ='Company_Profile'!B2 | K14: =IFERROR(I14/H14,"") | L14: =IFERROR(OFFSET(K14,-1,0),"") | M14: =IF(OR(K14="",L14=""),"",IF(K14<L14,"Improving",IF(K14=L14,"Stable","Adverse"))) | N14: =COUNTIF(Action_Register!O:O,"Closed") | O14: =Summary!B21 | P14: =IF(E14="","",IFERROR(OFFSET(E14,-1,0),"")) | Q14: =IF(E14="","",IF(P14="",COUNTIFS(Action_Register!O:O,"Closed",Action_Register!W:W,"<="&E14),COUNTIFS(Action_Register!O:O,"Closed",Action_Register!W:W,">"&P14,Action_Register!W:W,"<="&E14))) | R14: =IF(E14="","",IF(P14="",COUNTIFS(Action_Register!O:O,"Closed",Action_Register!J:J,"Critical",Action_Register!W:W,"<="&E14),COUNTIFS(Action_Register!O:O,"Closed",Action_Register!J:J,"Critical",Action_Register!W:W,">"&P14,Action_Register!W:W,"<="&E14)))
A15: OUT-00014 | B15: ='Company_Profile'!B5 | C15: ='Company_Profile'!B2 | K15: =IFERROR(I15/H15,"") | L15: =IFERROR(OFFSET(K15,-1,0),"") | M15: =IF(OR(K15="",L15=""),"",IF(K15<L15,"Improving",IF(K15=L15,"Stable","Adverse"))) | N15: =COUNTIF(Action_Register!O:O,"Closed") | O15: =Summary!B21 | P15: =IF(E15="","",IFERROR(OFFSET(E15,-1,0),"")) | Q15: =IF(E15="","",IF(P15="",COUNTIFS(Action_Register!O:O,"Closed",Action_Register!W:W,"<="&E15),COUNTIFS(Action_Register!O:O,"Closed",Action_Register!W:W,">"&P15,Action_Register!W:W,"<="&E15))) | R15: =IF(E15="","",IF(P15="",COUNTIFS(Action_Register!O:O,"Closed",Action_Register!J:J,"Critical",Action_Register!W:W,"<="&E15),COUNTIFS(Action_Register!O:O,"Closed",Action_Register!J:J,"Critical",Action_Register!W:W,">"&P15,Action_Register!W:W,"<="&E15)))
A16: OUT-00015 | B16: ='Company_Profile'!B5 | C16: ='Company_Profile'!B2 | K16: =IFERROR(I16/H16,"") | L16: =IFERROR(OFFSET(K16,-1,0),"") | M16: =IF(OR(K16="",L16=""),"",IF(K16<L16,"Improving",IF(K16=L16,"Stable","Adverse"))) | N16: =COUNTIF(Action_Register!O:O,"Closed") | O16: =Summary!B21 | P16: =IF(E16="","",IFERROR(OFFSET(E16,-1,0),"")) | Q16: =IF(E16="","",IF(P16="",COUNTIFS(Action_Register!O:O,"Closed",Action_Register!W:W,"<="&E16),COUNTIFS(Action_Register!O:O,"Closed",Action_Register!W:W,">"&P16,Action_Register!W:W,"<="&E16))) | R16: =IF(E16="","",IF(P16="",COUNTIFS(Action_Register!O:O,"Closed",Action_Register!J:J,"Critical",Action_Register!W:W,"<="&E16),COUNTIFS(Action_Register!O:O,"Closed",Action_Register!J:J,"Critical",Action_Register!W:W,">"&P16,Action_Register!W:W,"<="&E16)))
A17: OUT-00016 | B17: ='Company_Profile'!B5 | C17: ='Company_Profile'!B2 | K17: =IFERROR(I17/H17,"") | L17: =IFERROR(OFFSET(K17,-1,0),"") | M17: =IF(OR(K17="",L17=""),"",IF(K17<L17,"Improving",IF(K17=L17,"Stable","Adverse"))) | N17: =COUNTIF(Action_Register!O:O,"Closed") | O17: =Summary!B21 | P17: =IF(E17="","",IFERROR(OFFSET(E17,-1,0),"")) | Q17: =IF(E17="","",IF(P17="",COUNTIFS(Action_Register!O:O,"Closed",Action_Register!W:W,"<="&E17),COUNTIFS(Action_Register!O:O,"Closed",Action_Register!W:W,">"&P17,Action_Register!W:W,"<="&E17))) | R17: =IF(E17="","",IF(P17="",COUNTIFS(Action_Register!O:O,"Closed",Action_Register!J:J,"Critical",Action_Register!W:W,"<="&E17),COUNTIFS(Action_Register!O:O,"Closed",Action_Register!J:J,"Critical",Action_Register!W:W,">"&P17,Action_Register!W:W,"<="&E17)))
A18: OUT-00017 | B18: ='Company_Profile'!B5 | C18: ='Company_Profile'!B2 | K18: =IFERROR(I18/H18,"") | L18: =IFERROR(OFFSET(K18,-1,0),"") | M18: =IF(OR(K18="",L18=""),"",IF(K18<L18,"Improving",IF(K18=L18,"Stable","Adverse"))) | N18: =COUNTIF(Action_Register!O:O,"Closed") | O18: =Summary!B21 | P18: =IF(E18="","",IFERROR(OFFSET(E18,-1,0),"")) | Q18: =IF(E18="","",IF(P18="",COUNTIFS(Action_Register!O:O,"Closed",Action_Register!W:W,"<="&E18),COUNTIFS(Action_Register!O:O,"Closed",Action_Register!W:W,">"&P18,Action_Register!W:W,"<="&E18))) | R18: =IF(E18="","",IF(P18="",COUNTIFS(Action_Register!O:O,"Closed",Action_Register!J:J,"Critical",Action_Register!W:W,"<="&E18),COUNTIFS(Action_Register!O:O,"Closed",Action_Register!J:J,"Critical",Action_Register!W:W,">"&P18,Action_Register!W:W,"<="&E18)))
A19: OUT-00018 | B19: ='Company_Profile'!B5 | C19: ='Company_Profile'!B2 | K19: =IFERROR(I19/H19,"") | L19: =IFERROR(OFFSET(K19,-1,0),"") | M19: =IF(OR(K19="",L19=""),"",IF(K19<L19,"Improving",IF(K19=L19,"Stable","Adverse"))) | N19: =COUNTIF(Action_Register!O:O,"Closed") | O19: =Summary!B21 | P19: =IF(E19="","",IFERROR(OFFSET(E19,-1,0),"")) | Q19: =IF(E19="","",IF(P19="",COUNTIFS(Action_Register!O:O,"Closed",Action_Register!W:W,"<="&E19),COUNTIFS(Action_Register!O:O,"Closed",Action_Register!W:W,">"&P19,Action_Register!W:W,"<="&E19))) | R19: =IF(E19="","",IF(P19="",COUNTIFS(Action_Register!O:O,"Closed",Action_Register!J:J,"Critical",Action_Register!W:W,"<="&E19),COUNTIFS(Action_Register!O:O,"Closed",Action_Register!J:J,"Critical",Action_Register!W:W,">"&P19,Action_Register!W:W,"<="&E19)))
A20: OUT-00019 | B20: ='Company_Profile'!B5 | C20: ='Company_Profile'!B2 | K20: =IFERROR(I20/H20,"") | L20: =IFERROR(OFFSET(K20,-1,0),"") | M20: =IF(OR(K20="",L20=""),"",IF(K20<L20,"Improving",IF(K20=L20,"Stable","Adverse"))) | N20: =COUNTIF(Action_Register!O:O,"Closed") | O20: =Summary!B21 | P20: =IF(E20="","",IFERROR(OFFSET(E20,-1,0),"")) | Q20: =IF(E20="","",IF(P20="",COUNTIFS(Action_Register!O:O,"Closed",Action_Register!W:W,"<="&E20),COUNTIFS(Action_Register!O:O,"Closed",Action_Register!W:W,">"&P20,Action_Register!W:W,"<="&E20))) | R20: =IF(E20="","",IF(P20="",COUNTIFS(Action_Register!O:O,"Closed",Action_Register!J:J,"Critical",Action_Register!W:W,"<="&E20),COUNTIFS(Action_Register!O:O,"Closed",Action_Register!J:J,"Critical",Action_Register!W:W,">"&P20,Action_Register!W:W,"<="&E20)))
A21: OUT-00020 | B21: ='Company_Profile'!B5 | C21: ='Company_Profile'!B2 | K21: =IFERROR(I21/H21,"") | L21: =IFERROR(OFFSET(K21,-1,0),"") | M21: =IF(OR(K21="",L21=""),"",IF(K21<L21,"Improving",IF(K21=L21,"Stable","Adverse"))) | N21: =COUNTIF(Action_Register!O:O,"Closed") | O21: =Summary!B21 | P21: =IF(E21="","",IFERROR(OFFSET(E21,-1,0),"")) | Q21: =IF(E21="","",IF(P21="",COUNTIFS(Action_Register!O:O,"Closed",Action_Register!W:W,"<="&E21),COUNTIFS(Action_Register!O:O,"Closed",Action_Register!W:W,">"&P21,Action_Register!W:W,"<="&E21))) | R21: =IF(E21="","",IF(P21="",COUNTIFS(Action_Register!O:O,"Closed",Action_Register!J:J,"Critical",Action_Register!W:W,"<="&E21),COUNTIFS(Action_Register!O:O,"Closed",Action_Register!J:J,"Critical",Action_Register!W:W,">"&P21,Action_Register!W:W,"<="&E21)))
A22: OUT-00021 | B22: ='Company_Profile'!B5 | C22: ='Company_Profile'!B2 | K22: =IFERROR(I22/H22,"") | L22: =IFERROR(OFFSET(K22,-1,0),"") | M22: =IF(OR(K22="",L22=""),"",IF(K22<L22,"Improving",IF(K22=L22,"Stable","Adverse"))) | N22: =COUNTIF(Action_Register!O:O,"Closed") | O22: =Summary!B21 | P22: =IF(E22="","",IFERROR(OFFSET(E22,-1,0),"")) | Q22: =IF(E22="","",IF(P22="",COUNTIFS(Action_Register!O:O,"Closed",Action_Register!W:W,"<="&E22),COUNTIFS(Action_Register!O:O,"Closed",Action_Register!W:W,">"&P22,Action_Register!W:W,"<="&E22))) | R22: =IF(E22="","",IF(P22="",COUNTIFS(Action_Register!O:O,"Closed",Action_Register!J:J,"Critical",Action_Register!W:W,"<="&E22),COUNTIFS(Action_Register!O:O,"Closed",Action_Register!J:J,"Critical",Action_Register!W:W,">"&P22,Action_Register!W:W,"<="&E22)))
A23: OUT-00022 | B23: ='Company_Profile'!B5 | C23: ='Company_Profile'!B2 | K23: =IFERROR(I23/H23,"") | L23: =IFERROR(OFFSET(K23,-1,0),"") | M23: =IF(OR(K23="",L23=""),"",IF(K23<L23,"Improving",IF(K23=L23,"Stable","Adverse"))) | N23: =COUNTIF(Action_Register!O:O,"Closed") | O23: =Summary!B21 | P23: =IF(E23="","",IFERROR(OFFSET(E23,-1,0),"")) | Q23: =IF(E23="","",IF(P23="",COUNTIFS(Action_Register!O:O,"Closed",Action_Register!W:W,"<="&E23),COUNTIFS(Action_Register!O:O,"Closed",Action_Register!W:W,">"&P23,Action_Register!W:W,"<="&E23))) | R23: =IF(E23="","",IF(P23="",COUNTIFS(Action_Register!O:O,"Closed",Action_Register!J:J,"Critical",Action_Register!W:W,"<="&E23),COUNTIFS(Action_Register!O:O,"Closed",Action_Register!J:J,"Critical",Action_Register!W:W,">"&P23,Action_Register!W:W,"<="&E23)))
A24: OUT-00023 | B24: ='Company_Profile'!B5 | C24: ='Company_Profile'!B2 | K24: =IFERROR(I24/H24,"") | L24: =IFERROR(OFFSET(K24,-1,0),"") | M24: =IF(OR(K24="",L24=""),"",IF(K24<L24,"Improving",IF(K24=L24,"Stable","Adverse"))) | N24: =COUNTIF(Action_Register!O:O,"Closed") | O24: =Summary!B21 | P24: =IF(E24="","",IFERROR(OFFSET(E24,-1,0),"")) | Q24: =IF(E24="","",IF(P24="",COUNTIFS(Action_Register!O:O,"Closed",Action_Register!W:W,"<="&E24),COUNTIFS(Action_Register!O:O,"Closed",Action_Register!W:W,">"&P24,Action_Register!W:W,"<="&E24))) | R24: =IF(E24="","",IF(P24="",COUNTIFS(Action_Register!O:O,"Closed",Action_Register!J:J,"Critical",Action_Register!W:W,"<="&E24),COUNTIFS(Action_Register!O:O,"Closed",Action_Register!J:J,"Critical",Action_Register!W:W,">"&P24,Action_Register!W:W,"<="&E24)))
A25: OUT-00024 | B25: ='Company_Profile'!B5 | C25: ='Company_Profile'!B2 | K25: =IFERROR(I25/H25,"") | L25: =IFERROR(OFFSET(K25,-1,0),"") | M25: =IF(OR(K25="",L25=""),"",IF(K25<L25,"Improving",IF(K25=L25,"Stable","Adverse"))) | N25: =COUNTIF(Action_Register!O:O,"Closed") | O25: =Summary!B21 | P25: =IF(E25="","",IFERROR(OFFSET(E25,-1,0),"")) | Q25: =IF(E25="","",IF(P25="",COUNTIFS(Action_Register!O:O,"Closed",Action_Register!W:W,"<="&E25),COUNTIFS(Action_Register!O:O,"Closed",Action_Register!W:W,">"&P25,Action_Register!W:W,"<="&E25))) | R25: =IF(E25="","",IF(P25="",COUNTIFS(Action_Register!O:O,"Closed",Action_Register!J:J,"Critical",Action_Register!W:W,"<="&E25),COUNTIFS(Action_Register!O:O,"Closed",Action_Register!J:J,"Critical",Action_Register!W:W,">"&P25,Action_Register!W:W,"<="&E25)))
A26: OUT-00025 | B26: ='Company_Profile'!B5 | C26: ='Company_Profile'!B2 | K26: =IFERROR(I26/H26,"") | L26: =IFERROR(OFFSET(K26,-1,0),"") | M26: =IF(OR(K26="",L26=""),"",IF(K26<L26,"Improving",IF(K26=L26,"Stable","Adverse"))) | N26: =COUNTIF(Action_Register!O:O,"Closed") | O26: =Summary!B21 | P26: =IF(E26="","",IFERROR(OFFSET(E26,-1,0),"")) | Q26: =IF(E26="","",IF(P26="",COUNTIFS(Action_Register!O:O,"Closed",Action_Register!W:W,"<="&E26),COUNTIFS(Action_Register!O:O,"Closed",Action_Register!W:W,">"&P26,Action_Register!W:W,"<="&E26))) | R26: =IF(E26="","",IF(P26="",COUNTIFS(Action_Register!O:O,"Closed",Action_Register!J:J,"Critical",Action_Register!W:W,"<="&E26),COUNTIFS(Action_Register!O:O,"Closed",Action_Register!J:J,"Critical",Action_Register!W:W,">"&P26,Action_Register!W:W,"<="&E26)))
A27: OUT-00026 | B27: ='Company_Profile'!B5 | C27: ='Company_Profile'!B2 | K27: =IFERROR(I27/H27,"") | L27: =IFERROR(OFFSET(K27,-1,0),"") | M27: =IF(OR(K27="",L27=""),"",IF(K27<L27,"Improving",IF(K27=L27,"Stable","Adverse"))) | N27: =COUNTIF(Action_Register!O:O,"Closed") | O27: =Summary!B21 | P27: =IF(E27="","",IFERROR(OFFSET(E27,-1,0),"")) | Q27: =IF(E27="","",IF(P27="",COUNTIFS(Action_Register!O:O,"Closed",Action_Register!W:W,"<="&E27),COUNTIFS(Action_Register!O:O,"Closed",Action_Register!W:W,">"&P27,Action_Register!W:W,"<="&E27))) | R27: =IF(E27="","",IF(P27="",COUNTIFS(Action_Register!O:O,"Closed",Action_Register!J:J,"Critical",Action_Register!W:W,"<="&E27),COUNTIFS(Action_Register!O:O,"Closed",Action_Register!J:J,"Critical",Action_Register!W:W,">"&P27,Action_Register!W:W,"<="&E27)))
A28: OUT-00027 | B28: ='Company_Profile'!B5 | C28: ='Company_Profile'!B2 | K28: =IFERROR(I28/H28,"") | L28: =IFERROR(OFFSET(K28,-1,0),"") | M28: =IF(OR(K28="",L28=""),"",IF(K28<L28,"Improving",IF(K28=L28,"Stable","Adverse"))) | N28: =COUNTIF(Action_Register!O:O,"Closed") | O28: =Summary!B21 | P28: =IF(E28="","",IFERROR(OFFSET(E28,-1,0),"")) | Q28: =IF(E28="","",IF(P28="",COUNTIFS(Action_Register!O:O,"Closed",Action_Register!W:W,"<="&E28),COUNTIFS(Action_Register!O:O,"Closed",Action_Register!W:W,">"&P28,Action_Register!W:W,"<="&E28))) | R28: =IF(E28="","",IF(P28="",COUNTIFS(Action_Register!O:O,"Closed",Action_Register!J:J,"Critical",Action_Register!W:W,"<="&E28),COUNTIFS(Action_Register!O:O,"Closed",Action_Register!J:J,"Critical",Action_Register!W:W,">"&P28,Action_Register!W:W,"<="&E28)))
A29: OUT-00028 | B29: ='Company_Profile'!B5 | C29: ='Company_Profile'!B2 | K29: =IFERROR(I29/H29,"") | L29: =IFERROR(OFFSET(K29,-1,0),"") | M29: =IF(OR(K29="",L29=""),"",IF(K29<L29,"Improving",IF(K29=L29,"Stable","Adverse"))) | N29: =COUNTIF(Action_Register!O:O,"Closed") | O29: =Summary!B21 | P29: =IF(E29="","",IFERROR(OFFSET(E29,-1,0),"")) | Q29: =IF(E29="","",IF(P29="",COUNTIFS(Action_Register!O:O,"Closed",Action_Register!W:W,"<="&E29),COUNTIFS(Action_Register!O:O,"Closed",Action_Register!W:W,">"&P29,Action_Register!W:W,"<="&E29))) | R29: =IF(E29="","",IF(P29="",COUNTIFS(Action_Register!O:O,"Closed",Action_Register!J:J,"Critical",Action_Register!W:W,"<="&E29),COUNTIFS(Action_Register!O:O,"Closed",Action_Register!J:J,"Critical",Action_Register!W:W,">"&P29,Action_Register!W:W,"<="&E29)))
A30: OUT-00029 | B30: ='Company_Profile'!B5 | C30: ='Company_Profile'!B2 | K30: =IFERROR(I30/H30,"") | L30: =IFERROR(OFFSET(K30,-1,0),"") | M30: =IF(OR(K30="",L30=""),"",IF(K30<L30,"Improving",IF(K30=L30,"Stable","Adverse"))) | N30: =COUNTIF(Action_Register!O:O,"Closed") | O30: =Summary!B21 | P30: =IF(E30="","",IFERROR(OFFSET(E30,-1,0),"")) | Q30: =IF(E30="","",IF(P30="",COUNTIFS(Action_Register!O:O,"Closed",Action_Register!W:W,"<="&E30),COUNTIFS(Action_Register!O:O,"Closed",Action_Register!W:W,">"&P30,Action_Register!W:W,"<="&E30))) | R30: =IF(E30="","",IF(P30="",COUNTIFS(Action_Register!O:O,"Closed",Action_Register!J:J,"Critical",Action_Register!W:W,"<="&E30),COUNTIFS(Action_Register!O:O,"Closed",Action_Register!J:J,"Critical",Action_Register!W:W,">"&P30,Action_Register!W:W,"<="&E30)))
A31: OUT-00030 | B31: ='Company_Profile'!B5 | C31: ='Company_Profile'!B2 | K31: =IFERROR(I31/H31,"") | L31: =IFERROR(OFFSET(K31,-1,0),"") | M31: =IF(OR(K31="",L31=""),"",IF(K31<L31,"Improving",IF(K31=L31,"Stable","Adverse"))) | N31: =COUNTIF(Action_Register!O:O,"Closed") | O31: =Summary!B21 | P31: =IF(E31="","",IFERROR(OFFSET(E31,-1,0),"")) | Q31: =IF(E31="","",IF(P31="",COUNTIFS(Action_Register!O:O,"Closed",Action_Register!W:W,"<="&E31),COUNTIFS(Action_Register!O:O,"Closed",Action_Register!W:W,">"&P31,Action_Register!W:W,"<="&E31))) | R31: =IF(E31="","",IF(P31="",COUNTIFS(Action_Register!O:O,"Closed",Action_Register!J:J,"Critical",Action_Register!W:W,"<="&E31),COUNTIFS(Action_Register!O:O,"Closed",Action_Register!J:J,"Critical",Action_Register!W:W,">"&P31,Action_Register!W:W,"<="&E31)))
A32: OUT-00031 | B32: ='Company_Profile'!B5 | C32: ='Company_Profile'!B2 | K32: =IFERROR(I32/H32,"") | L32: =IFERROR(OFFSET(K32,-1,0),"") | M32: =IF(OR(K32="",L32=""),"",IF(K32<L32,"Improving",IF(K32=L32,"Stable","Adverse"))) | N32: =COUNTIF(Action_Register!O:O,"Closed") | O32: =Summary!B21 | P32: =IF(E32="","",IFERROR(OFFSET(E32,-1,0),"")) | Q32: =IF(E32="","",IF(P32="",COUNTIFS(Action_Register!O:O,"Closed",Action_Register!W:W,"<="&E32),COUNTIFS(Action_Register!O:O,"Closed",Action_Register!W:W,">"&P32,Action_Register!W:W,"<="&E32))) | R32: =IF(E32="","",IF(P32="",COUNTIFS(Action_Register!O:O,"Closed",Action_Register!J:J,"Critical",Action_Register!W:W,"<="&E32),COUNTIFS(Action_Register!O:O,"Closed",Action_Register!J:J,"Critical",Action_Register!W:W,">"&P32,Action_Register!W:W,"<="&E32)))
A33: OUT-00032 | B33: ='Company_Profile'!B5 | C33: ='Company_Profile'!B2 | K33: =IFERROR(I33/H33,"") | L33: =IFERROR(OFFSET(K33,-1,0),"") | M33: =IF(OR(K33="",L33=""),"",IF(K33<L33,"Improving",IF(K33=L33,"Stable","Adverse"))) | N33: =COUNTIF(Action_Register!O:O,"Closed") | O33: =Summary!B21 | P33: =IF(E33="","",IFERROR(OFFSET(E33,-1,0),"")) | Q33: =IF(E33="","",IF(P33="",COUNTIFS(Action_Register!O:O,"Closed",Action_Register!W:W,"<="&E33),COUNTIFS(Action_Register!O:O,"Closed",Action_Register!W:W,">"&P33,Action_Register!W:W,"<="&E33))) | R33: =IF(E33="","",IF(P33="",COUNTIFS(Action_Register!O:O,"Closed",Action_Register!J:J,"Critical",Action_Register!W:W,"<="&E33),COUNTIFS(Action_Register!O:O,"Closed",Action_Register!J:J,"Critical",Action_Register!W:W,">"&P33,Action_Register!W:W,"<="&E33)))
A34: OUT-00033 | B34: ='Company_Profile'!B5 | C34: ='Company_Profile'!B2 | K34: =IFERROR(I34/H34,"") | L34: =IFERROR(OFFSET(K34,-1,0),"") | M34: =IF(OR(K34="",L34=""),"",IF(K34<L34,"Improving",IF(K34=L34,"Stable","Adverse"))) | N34: =COUNTIF(Action_Register!O:O,"Closed") | O34: =Summary!B21 | P34: =IF(E34="","",IFERROR(OFFSET(E34,-1,0),"")) | Q34: =IF(E34="","",IF(P34="",COUNTIFS(Action_Register!O:O,"Closed",Action_Register!W:W,"<="&E34),COUNTIFS(Action_Register!O:O,"Closed",Action_Register!W:W,">"&P34,Action_Register!W:W,"<="&E34))) | R34: =IF(E34="","",IF(P34="",COUNTIFS(Action_Register!O:O,"Closed",Action_Register!J:J,"Critical",Action_Register!W:W,"<="&E34),COUNTIFS(Action_Register!O:O,"Closed",Action_Register!J:J,"Critical",Action_Register!W:W,">"&P34,Action_Register!W:W,"<="&E34)))
A35: OUT-00034 | B35: ='Company_Profile'!B5 | C35: ='Company_Profile'!B2 | K35: =IFERROR(I35/H35,"") | L35: =IFERROR(OFFSET(K35,-1,0),"") | M35: =IF(OR(K35="",L35=""),"",IF(K35<L35,"Improving",IF(K35=L35,"Stable","Adverse"))) | N35: =COUNTIF(Action_Register!O:O,"Closed") | O35: =Summary!B21 | P35: =IF(E35="","",IFERROR(OFFSET(E35,-1,0),"")) | Q35: =IF(E35="","",IF(P35="",COUNTIFS(Action_Register!O:O,"Closed",Action_Register!W:W,"<="&E35),COUNTIFS(Action_Register!O:O,"Closed",Action_Register!W:W,">"&P35,Action_Register!W:W,"<="&E35))) | R35: =IF(E35="","",IF(P35="",COUNTIFS(Action_Register!O:O,"Closed",Action_Register!J:J,"Critical",Action_Register!W:W,"<="&E35),COUNTIFS(Action_Register!O:O,"Closed",Action_Register!J:J,"Critical",Action_Register!W:W,">"&P35,Action_Register!W:W,"<="&E35)))
A36: OUT-00035 | B36: ='Company_Profile'!B5 | C36: ='Company_Profile'!B2 | K36: =IFERROR(I36/H36,"") | L36: =IFERROR(OFFSET(K36,-1,0),"") | M36: =IF(OR(K36="",L36=""),"",IF(K36<L36,"Improving",IF(K36=L36,"Stable","Adverse"))) | N36: =COUNTIF(Action_Register!O:O,"Closed") | O36: =Summary!B21 | P36: =IF(E36="","",IFERROR(OFFSET(E36,-1,0),"")) | Q36: =IF(E36="","",IF(P36="",COUNTIFS(Action_Register!O:O,"Closed",Action_Register!W:W,"<="&E36),COUNTIFS(Action_Register!O:O,"Closed",Action_Register!W:W,">"&P36,Action_Register!W:W,"<="&E36))) | R36: =IF(E36="","",IF(P36="",COUNTIFS(Action_Register!O:O,"Closed",Action_Register!J:J,"Critical",Action_Register!W:W,"<="&E36),COUNTIFS(Action_Register!O:O,"Closed",Action_Register!J:J,"Critical",Action_Register!W:W,">"&P36,Action_Register!W:W,"<="&E36)))
A37: OUT-00036 | B37: ='Company_Profile'!B5 | C37: ='Company_Profile'!B2 | K37: =IFERROR(I37/H37,"") | L37: =IFERROR(OFFSET(K37,-1,0),"") | M37: =IF(OR(K37="",L37=""),"",IF(K37<L37,"Improving",IF(K37=L37,"Stable","Adverse"))) | N37: =COUNTIF(Action_Register!O:O,"Closed") | O37: =Summary!B21 | P37: =IF(E37="","",IFERROR(OFFSET(E37,-1,0),"")) | Q37: =IF(E37="","",IF(P37="",COUNTIFS(Action_Register!O:O,"Closed",Action_Register!W:W,"<="&E37),COUNTIFS(Action_Register!O:O,"Closed",Action_Register!W:W,">"&P37,Action_Register!W:W,"<="&E37))) | R37: =IF(E37="","",IF(P37="",COUNTIFS(Action_Register!O:O,"Closed",Action_Register!J:J,"Critical",Action_Register!W:W,"<="&E37),COUNTIFS(Action_Register!O:O,"Closed",Action_Register!J:J,"Critical",Action_Register!W:W,">"&P37,Action_Register!W:W,"<="&E37)))
A38: OUT-00037 | B38: ='Company_Profile'!B5 | C38: ='Company_Profile'!B2 | K38: =IFERROR(I38/H38,"") | L38: =IFERROR(OFFSET(K38,-1,0),"") | M38: =IF(OR(K38="",L38=""),"",IF(K38<L38,"Improving",IF(K38=L38,"Stable","Adverse"))) | N38: =COUNTIF(Action_Register!O:O,"Closed") | O38: =Summary!B21 | P38: =IF(E38="","",IFERROR(OFFSET(E38,-1,0),"")) | Q38: =IF(E38="","",IF(P38="",COUNTIFS(Action_Register!O:O,"Closed",Action_Register!W:W,"<="&E38),COUNTIFS(Action_Register!O:O,"Closed",Action_Register!W:W,">"&P38,Action_Register!W:W,"<="&E38))) | R38: =IF(E38="","",IF(P38="",COUNTIFS(Action_Register!O:O,"Closed",Action_Register!J:J,"Critical",Action_Register!W:W,"<="&E38),COUNTIFS(Action_Register!O:O,"Closed",Action_Register!J:J,"Critical",Action_Register!W:W,">"&P38,Action_Register!W:W,"<="&E38)))
A39: OUT-00038 | B39: ='Company_Profile'!B5 | C39: ='Company_Profile'!B2 | K39: =IFERROR(I39/H39,"") | L39: =IFERROR(OFFSET(K39,-1,0),"") | M39: =IF(OR(K39="",L39=""),"",IF(K39<L39,"Improving",IF(K39=L39,"Stable","Adverse"))) | N39: =COUNTIF(Action_Register!O:O,"Closed") | O39: =Summary!B21 | P39: =IF(E39="","",IFERROR(OFFSET(E39,-1,0),"")) | Q39: =IF(E39="","",IF(P39="",COUNTIFS(Action_Register!O:O,"Closed",Action_Register!W:W,"<="&E39),COUNTIFS(Action_Register!O:O,"Closed",Action_Register!W:W,">"&P39,Action_Register!W:W,"<="&E39))) | R39: =IF(E39="","",IF(P39="",COUNTIFS(Action_Register!O:O,"Closed",Action_Register!J:J,"Critical",Action_Register!W:W,"<="&E39),COUNTIFS(Action_Register!O:O,"Closed",Action_Register!J:J,"Critical",Action_Register!W:W,">"&P39,Action_Register!W:W,"<="&E39)))
A40: OUT-00039 | B40: ='Company_Profile'!B5 | C40: ='Company_Profile'!B2 | K40: =IFERROR(I40/H40,"") | L40: =IFERROR(OFFSET(K40,-1,0),"") | M40: =IF(OR(K40="",L40=""),"",IF(K40<L40,"Improving",IF(K40=L40,"Stable","Adverse"))) | N40: =COUNTIF(Action_Register!O:O,"Closed") | O40: =Summary!B21 | P40: =IF(E40="","",IFERROR(OFFSET(E40,-1,0),"")) | Q40: =IF(E40="","",IF(P40="",COUNTIFS(Action_Register!O:O,"Closed",Action_Register!W:W,"<="&E40),COUNTIFS(Action_Register!O:O,"Closed",Action_Register!W:W,">"&P40,Action_Register!W:W,"<="&E40))) | R40: =IF(E40="","",IF(P40="",COUNTIFS(Action_Register!O:O,"Closed",Action_Register!J:J,"Critical",Action_Register!W:W,"<="&E40),COUNTIFS(Action_Register!O:O,"Closed",Action_Register!J:J,"Critical",Action_Register!W:W,">"&P40,Action_Register!W:W,"<="&E40)))
A41: OUT-00040 | B41: ='Company_Profile'!B5 | C41: ='Company_Profile'!B2 | K41: =IFERROR(I41/H41,"") | L41: =IFERROR(OFFSET(K41,-1,0),"") | M41: =IF(OR(K41="",L41=""),"",IF(K41<L41,"Improving",IF(K41=L41,"Stable","Adverse"))) | N41: =COUNTIF(Action_Register!O:O,"Closed") | O41: =Summary!B21 | P41: =IF(E41="","",IFERROR(OFFSET(E41,-1,0),"")) | Q41: =IF(E41="","",IF(P41="",COUNTIFS(Action_Register!O:O,"Closed",Action_Register!W:W,"<="&E41),COUNTIFS(Action_Register!O:O,"Closed",Action_Register!W:W,">"&P41,Action_Register!W:W,"<="&E41))) | R41: =IF(E41="","",IF(P41="",COUNTIFS(Action_Register!O:O,"Closed",Action_Register!J:J,"Critical",Action_Register!W:W,"<="&E41),COUNTIFS(Action_Register!O:O,"Closed",Action_Register!J:J,"Critical",Action_Register!W:W,">"&P41,Action_Register!W:W,"<="&E41)))
A42: OUT-00041 | B42: ='Company_Profile'!B5 | C42: ='Company_Profile'!B2 | K42: =IFERROR(I42/H42,"") | L42: =IFERROR(OFFSET(K42,-1,0),"") | M42: =IF(OR(K42="",L42=""),"",IF(K42<L42,"Improving",IF(K42=L42,"Stable","Adverse"))) | N42: =COUNTIF(Action_Register!O:O,"Closed") | O42: =Summary!B21 | P42: =IF(E42="","",IFERROR(OFFSET(E42,-1,0),"")) | Q42: =IF(E42="","",IF(P42="",COUNTIFS(Action_Register!O:O,"Closed",Action_Register!W:W,"<="&E42),COUNTIFS(Action_Register!O:O,"Closed",Action_Register!W:W,">"&P42,Action_Register!W:W,"<="&E42))) | R42: =IF(E42="","",IF(P42="",COUNTIFS(Action_Register!O:O,"Closed",Action_Register!J:J,"Critical",Action_Register!W:W,"<="&E42),COUNTIFS(Action_Register!O:O,"Closed",Action_Register!J:J,"Critical",Action_Register!W:W,">"&P42,Action_Register!W:W,"<="&E42)))
A43: OUT-00042 | B43: ='Company_Profile'!B5 | C43: ='Company_Profile'!B2 | K43: =IFERROR(I43/H43,"") | L43: =IFERROR(OFFSET(K43,-1,0),"") | M43: =IF(OR(K43="",L43=""),"",IF(K43<L43,"Improving",IF(K43=L43,"Stable","Adverse"))) | N43: =COUNTIF(Action_Register!O:O,"Closed") | O43: =Summary!B21 | P43: =IF(E43="","",IFERROR(OFFSET(E43,-1,0),"")) | Q43: =IF(E43="","",IF(P43="",COUNTIFS(Action_Register!O:O,"Closed",Action_Register!W:W,"<="&E43),COUNTIFS(Action_Register!O:O,"Closed",Action_Register!W:W,">"&P43,Action_Register!W:W,"<="&E43))) | R43: =IF(E43="","",IF(P43="",COUNTIFS(Action_Register!O:O,"Closed",Action_Register!J:J,"Critical",Action_Register!W:W,"<="&E43),COUNTIFS(Action_Register!O:O,"Closed",Action_Register!J:J,"Critical",Action_Register!W:W,">"&P43,Action_Register!W:W,"<="&E43)))
A44: OUT-00043 | B44: ='Company_Profile'!B5 | C44: ='Company_Profile'!B2 | K44: =IFERROR(I44/H44,"") | L44: =IFERROR(OFFSET(K44,-1,0),"") | M44: =IF(OR(K44="",L44=""),"",IF(K44<L44,"Improving",IF(K44=L44,"Stable","Adverse"))) | N44: =COUNTIF(Action_Register!O:O,"Closed") | O44: =Summary!B21 | P44: =IF(E44="","",IFERROR(OFFSET(E44,-1,0),"")) | Q44: =IF(E44="","",IF(P44="",COUNTIFS(Action_Register!O:O,"Closed",Action_Register!W:W,"<="&E44),COUNTIFS(Action_Register!O:O,"Closed",Action_Register!W:W,">"&P44,Action_Register!W:W,"<="&E44))) | R44: =IF(E44="","",IF(P44="",COUNTIFS(Action_Register!O:O,"Closed",Action_Register!J:J,"Critical",Action_Register!W:W,"<="&E44),COUNTIFS(Action_Register!O:O,"Closed",Action_Register!J:J,"Critical",Action_Register!W:W,">"&P44,Action_Register!W:W,"<="&E44)))
A45: OUT-00044 | B45: ='Company_Profile'!B5 | C45: ='Company_Profile'!B2 | K45: =IFERROR(I45/H45,"") | L45: =IFERROR(OFFSET(K45,-1,0),"") | M45: =IF(OR(K45="",L45=""),"",IF(K45<L45,"Improving",IF(K45=L45,"Stable","Adverse"))) | N45: =COUNTIF(Action_Register!O:O,"Closed") | O45: =Summary!B21 | P45: =IF(E45="","",IFERROR(OFFSET(E45,-1,0),"")) | Q45: =IF(E45="","",IF(P45="",COUNTIFS(Action_Register!O:O,"Closed",Action_Register!W:W,"<="&E45),COUNTIFS(Action_Register!O:O,"Closed",Action_Register!W:W,">"&P45,Action_Register!W:W,"<="&E45))) | R45: =IF(E45="","",IF(P45="",COUNTIFS(Action_Register!O:O,"Closed",Action_Register!J:J,"Critical",Action_Register!W:W,"<="&E45),COUNTIFS(Action_Register!O:O,"Closed",Action_Register!J:J,"Critical",Action_Register!W:W,">"&P45,Action_Register!W:W,"<="&E45)))
A46: OUT-00045 | B46: ='Company_Profile'!B5 | C46: ='Company_Profile'!B2 | K46: =IFERROR(I46/H46,"") | L46: =IFERROR(OFFSET(K46,-1,0),"") | M46: =IF(OR(K46="",L46=""),"",IF(K46<L46,"Improving",IF(K46=L46,"Stable","Adverse"))) | N46: =COUNTIF(Action_Register!O:O,"Closed") | O46: =Summary!B21 | P46: =IF(E46="","",IFERROR(OFFSET(E46,-1,0),"")) | Q46: =IF(E46="","",IF(P46="",COUNTIFS(Action_Register!O:O,"Closed",Action_Register!W:W,"<="&E46),COUNTIFS(Action_Register!O:O,"Closed",Action_Register!W:W,">"&P46,Action_Register!W:W,"<="&E46))) | R46: =IF(E46="","",IF(P46="",COUNTIFS(Action_Register!O:O,"Closed",Action_Register!J:J,"Critical",Action_Register!W:W,"<="&E46),COUNTIFS(Action_Register!O:O,"Closed",Action_Register!J:J,"Critical",Action_Register!W:W,">"&P46,Action_Register!W:W,"<="&E46)))
A47: OUT-00046 | B47: ='Company_Profile'!B5 | C47: ='Company_Profile'!B2 | K47: =IFERROR(I47/H47,"") | L47: =IFERROR(OFFSET(K47,-1,0),"") | M47: =IF(OR(K47="",L47=""),"",IF(K47<L47,"Improving",IF(K47=L47,"Stable","Adverse"))) | N47: =COUNTIF(Action_Register!O:O,"Closed") | O47: =Summary!B21 | P47: =IF(E47="","",IFERROR(OFFSET(E47,-1,0),"")) | Q47: =IF(E47="","",IF(P47="",COUNTIFS(Action_Register!O:O,"Closed",Action_Register!W:W,"<="&E47),COUNTIFS(Action_Register!O:O,"Closed",Action_Register!W:W,">"&P47,Action_Register!W:W,"<="&E47))) | R47: =IF(E47="","",IF(P47="",COUNTIFS(Action_Register!O:O,"Closed",Action_Register!J:J,"Critical",Action_Register!W:W,"<="&E47),COUNTIFS(Action_Register!O:O,"Closed",Action_Register!J:J,"Critical",Action_Register!W:W,">"&P47,Action_Register!W:W,"<="&E47)))
A48: OUT-00047 | B48: ='Company_Profile'!B5 | C48: ='Company_Profile'!B2 | K48: =IFERROR(I48/H48,"") | L48: =IFERROR(OFFSET(K48,-1,0),"") | M48: =IF(OR(K48="",L48=""),"",IF(K48<L48,"Improving",IF(K48=L48,"Stable","Adverse"))) | N48: =COUNTIF(Action_Register!O:O,"Closed") | O48: =Summary!B21 | P48: =IF(E48="","",IFERROR(OFFSET(E48,-1,0),"")) | Q48: =IF(E48="","",IF(P48="",COUNTIFS(Action_Register!O:O,"Closed",Action_Register!W:W,"<="&E48),COUNTIFS(Action_Register!O:O,"Closed",Action_Register!W:W,">"&P48,Action_Register!W:W,"<="&E48))) | R48: =IF(E48="","",IF(P48="",COUNTIFS(Action_Register!O:O,"Closed",Action_Register!J:J,"Critical",Action_Register!W:W,"<="&E48),COUNTIFS(Action_Register!O:O,"Closed",Action_Register!J:J,"Critical",Action_Register!W:W,">"&P48,Action_Register!W:W,"<="&E48)))
A49: OUT-00048 | B49: ='Company_Profile'!B5 | C49: ='Company_Profile'!B2 | K49: =IFERROR(I49/H49,"") | L49: =IFERROR(OFFSET(K49,-1,0),"") | M49: =IF(OR(K49="",L49=""),"",IF(K49<L49,"Improving",IF(K49=L49,"Stable","Adverse"))) | N49: =COUNTIF(Action_Register!O:O,"Closed") | O49: =Summary!B21 | P49: =IF(E49="","",IFERROR(OFFSET(E49,-1,0),"")) | Q49: =IF(E49="","",IF(P49="",COUNTIFS(Action_Register!O:O,"Closed",Action_Register!W:W,"<="&E49),COUNTIFS(Action_Register!O:O,"Closed",Action_Register!W:W,">"&P49,Action_Register!W:W,"<="&E49))) | R49: =IF(E49="","",IF(P49="",COUNTIFS(Action_Register!O:O,"Closed",Action_Register!J:J,"Critical",Action_Register!W:W,"<="&E49),COUNTIFS(Action_Register!O:O,"Closed",Action_Register!J:J,"Critical",Action_Register!W:W,">"&P49,Action_Register!W:W,"<="&E49)))
A50: OUT-00049 | B50: ='Company_Profile'!B5 | C50: ='Company_Profile'!B2 | K50: =IFERROR(I50/H50,"") | L50: =IFERROR(OFFSET(K50,-1,0),"") | M50: =IF(OR(K50="",L50=""),"",IF(K50<L50,"Improving",IF(K50=L50,"Stable","Adverse"))) | N50: =COUNTIF(Action_Register!O:O,"Closed") | O50: =Summary!B21 | P50: =IF(E50="","",IFERROR(OFFSET(E50,-1,0),"")) | Q50: =IF(E50="","",IF(P50="",COUNTIFS(Action_Register!O:O,"Closed",Action_Register!W:W,"<="&E50),COUNTIFS(Action_Register!O:O,"Closed",Action_Register!W:W,">"&P50,Action_Register!W:W,"<="&E50))) | R50: =IF(E50="","",IF(P50="",COUNTIFS(Action_Register!O:O,"Closed",Action_Register!J:J,"Critical",Action_Register!W:W,"<="&E50),COUNTIFS(Action_Register!O:O,"Closed",Action_Register!J:J,"Critical",Action_Register!W:W,">"&P50,Action_Register!W:W,"<="&E50)))
A51: OUT-00050 | B51: ='Company_Profile'!B5 | C51: ='Company_Profile'!B2 | K51: =IFERROR(I51/H51,"") | L51: =IFERROR(OFFSET(K51,-1,0),"") | M51: =IF(OR(K51="",L51=""),"",IF(K51<L51,"Improving",IF(K51=L51,"Stable","Adverse"))) | N51: =COUNTIF(Action_Register!O:O,"Closed") | O51: =Summary!B21 | P51: =IF(E51="","",IFERROR(OFFSET(E51,-1,0),"")) | Q51: =IF(E51="","",IF(P51="",COUNTIFS(Action_Register!O:O,"Closed",Action_Register!W:W,"<="&E51),COUNTIFS(Action_Register!O:O,"Closed",Action_Register!W:W,">"&P51,Action_Register!W:W,"<="&E51))) | R51: =IF(E51="","",IF(P51="",COUNTIFS(Action_Register!O:O,"Closed",Action_Register!J:J,"Critical",Action_Register!W:W,"<="&E51),COUNTIFS(Action_Register!O:O,"Closed",Action_Register!J:J,"Critical",Action_Register!W:W,">"&P51,Action_Register!W:W,"<="&E51)))
A52: OUT-00051 | B52: ='Company_Profile'!B5 | C52: ='Company_Profile'!B2 | K52: =IFERROR(I52/H52,"") | L52: =IFERROR(OFFSET(K52,-1,0),"") | M52: =IF(OR(K52="",L52=""),"",IF(K52<L52,"Improving",IF(K52=L52,"Stable","Adverse"))) | N52: =COUNTIF(Action_Register!O:O,"Closed") | O52: =Summary!B21 | P52: =IF(E52="","",IFERROR(OFFSET(E52,-1,0),"")) | Q52: =IF(E52="","",IF(P52="",COUNTIFS(Action_Register!O:O,"Closed",Action_Register!W:W,"<="&E52),COUNTIFS(Action_Register!O:O,"Closed",Action_Register!W:W,">"&P52,Action_Register!W:W,"<="&E52))) | R52: =IF(E52="","",IF(P52="",COUNTIFS(Action_Register!O:O,"Closed",Action_Register!J:J,"Critical",Action_Register!W:W,"<="&E52),COUNTIFS(Action_Register!O:O,"Closed",Action_Register!J:J,"Critical",Action_Register!W:W,">"&P52,Action_Register!W:W,"<="&E52)))
A53: OUT-00052 | B53: ='Company_Profile'!B5 | C53: ='Company_Profile'!B2 | K53: =IFERROR(I53/H53,"") | L53: =IFERROR(OFFSET(K53,-1,0),"") | M53: =IF(OR(K53="",L53=""),"",IF(K53<L53,"Improving",IF(K53=L53,"Stable","Adverse"))) | N53: =COUNTIF(Action_Register!O:O,"Closed") | O53: =Summary!B21 | P53: =IF(E53="","",IFERROR(OFFSET(E53,-1,0),"")) | Q53: =IF(E53="","",IF(P53="",COUNTIFS(Action_Register!O:O,"Closed",Action_Register!W:W,"<="&E53),COUNTIFS(Action_Register!O:O,"Closed",Action_Register!W:W,">"&P53,Action_Register!W:W,"<="&E53))) | R53: =IF(E53="","",IF(P53="",COUNTIFS(Action_Register!O:O,"Closed",Action_Register!J:J,"Critical",Action_Register!W:W,"<="&E53),COUNTIFS(Action_Register!O:O,"Closed",Action_Register!J:J,"Critical",Action_Register!W:W,">"&P53,Action_Register!W:W,"<="&E53)))
A54: OUT-00053 | B54: ='Company_Profile'!B5 | C54: ='Company_Profile'!B2 | K54: =IFERROR(I54/H54,"") | L54: =IFERROR(OFFSET(K54,-1,0),"") | M54: =IF(OR(K54="",L54=""),"",IF(K54<L54,"Improving",IF(K54=L54,"Stable","Adverse"))) | N54: =COUNTIF(Action_Register!O:O,"Closed") | O54: =Summary!B21 | P54: =IF(E54="","",IFERROR(OFFSET(E54,-1,0),"")) | Q54: =IF(E54="","",IF(P54="",COUNTIFS(Action_Register!O:O,"Closed",Action_Register!W:W,"<="&E54),COUNTIFS(Action_Register!O:O,"Closed",Action_Register!W:W,">"&P54,Action_Register!W:W,"<="&E54))) | R54: =IF(E54="","",IF(P54="",COUNTIFS(Action_Register!O:O,"Closed",Action_Register!J:J,"Critical",Action_Register!W:W,"<="&E54),COUNTIFS(Action_Register!O:O,"Closed",Action_Register!J:J,"Critical",Action_Register!W:W,">"&P54,Action_Register!W:W,"<="&E54)))
A55: OUT-00054 | B55: ='Company_Profile'!B5 | C55: ='Company_Profile'!B2 | K55: =IFERROR(I55/H55,"") | L55: =IFERROR(OFFSET(K55,-1,0),"") | M55: =IF(OR(K55="",L55=""),"",IF(K55<L55,"Improving",IF(K55=L55,"Stable","Adverse"))) | N55: =COUNTIF(Action_Register!O:O,"Closed") | O55: =Summary!B21 | P55: =IF(E55="","",IFERROR(OFFSET(E55,-1,0),"")) | Q55: =IF(E55="","",IF(P55="",COUNTIFS(Action_Register!O:O,"Closed",Action_Register!W:W,"<="&E55),COUNTIFS(Action_Register!O:O,"Closed",Action_Register!W:W,">"&P55,Action_Register!W:W,"<="&E55))) | R55: =IF(E55="","",IF(P55="",COUNTIFS(Action_Register!O:O,"Closed",Action_Register!J:J,"Critical",Action_Register!W:W,"<="&E55),COUNTIFS(Action_Register!O:O,"Closed",Action_Register!J:J,"Critical",Action_Register!W:W,">"&P55,Action_Register!W:W,"<="&E55)))
A56: OUT-00055 | B56: ='Company_Profile'!B5 | C56: ='Company_Profile'!B2 | K56: =IFERROR(I56/H56,"") | L56: =IFERROR(OFFSET(K56,-1,0),"") | M56: =IF(OR(K56="",L56=""),"",IF(K56<L56,"Improving",IF(K56=L56,"Stable","Adverse"))) | N56: =COUNTIF(Action_Register!O:O,"Closed") | O56: =Summary!B21 | P56: =IF(E56="","",IFERROR(OFFSET(E56,-1,0),"")) | Q56: =IF(E56="","",IF(P56="",COUNTIFS(Action_Register!O:O,"Closed",Action_Register!W:W,"<="&E56),COUNTIFS(Action_Register!O:O,"Closed",Action_Register!W:W,">"&P56,Action_Register!W:W,"<="&E56))) | R56: =IF(E56="","",IF(P56="",COUNTIFS(Action_Register!O:O,"Closed",Action_Register!J:J,"Critical",Action_Register!W:W,"<="&E56),COUNTIFS(Action_Register!O:O,"Closed",Action_Register!J:J,"Critical",Action_Register!W:W,">"&P56,Action_Register!W:W,"<="&E56)))
A57: OUT-00056 | B57: ='Company_Profile'!B5 | C57: ='Company_Profile'!B2 | K57: =IFERROR(I57/H57,"") | L57: =IFERROR(OFFSET(K57,-1,0),"") | M57: =IF(OR(K57="",L57=""),"",IF(K57<L57,"Improving",IF(K57=L57,"Stable","Adverse"))) | N57: =COUNTIF(Action_Register!O:O,"Closed") | O57: =Summary!B21 | P57: =IF(E57="","",IFERROR(OFFSET(E57,-1,0),"")) | Q57: =IF(E57="","",IF(P57="",COUNTIFS(Action_Register!O:O,"Closed",Action_Register!W:W,"<="&E57),COUNTIFS(Action_Register!O:O,"Closed",Action_Register!W:W,">"&P57,Action_Register!W:W,"<="&E57))) | R57: =IF(E57="","",IF(P57="",COUNTIFS(Action_Register!O:O,"Closed",Action_Register!J:J,"Critical",Action_Register!W:W,"<="&E57),COUNTIFS(Action_Register!O:O,"Closed",Action_Register!J:J,"Critical",Action_Register!W:W,">"&P57,Action_Register!W:W,"<="&E57)))
A58: OUT-00057 | B58: ='Company_Profile'!B5 | C58: ='Company_Profile'!B2 | K58: =IFERROR(I58/H58,"") | L58: =IFERROR(OFFSET(K58,-1,0),"") | M58: =IF(OR(K58="",L58=""),"",IF(K58<L58,"Improving",IF(K58=L58,"Stable","Adverse"))) | N58: =COUNTIF(Action_Register!O:O,"Closed") | O58: =Summary!B21 | P58: =IF(E58="","",IFERROR(OFFSET(E58,-1,0),"")) | Q58: =IF(E58="","",IF(P58="",COUNTIFS(Action_Register!O:O,"Closed",Action_Register!W:W,"<="&E58),COUNTIFS(Action_Register!O:O,"Closed",Action_Register!W:W,">"&P58,Action_Register!W:W,"<="&E58))) | R58: =IF(E58="","",IF(P58="",COUNTIFS(Action_Register!O:O,"Closed",Action_Register!J:J,"Critical",Action_Register!W:W,"<="&E58),COUNTIFS(Action_Register!O:O,"Closed",Action_Register!J:J,"Critical",Action_Register!W:W,">"&P58,Action_Register!W:W,"<="&E58)))
A59: OUT-00058 | B59: ='Company_Profile'!B5 | C59: ='Company_Profile'!B2 | K59: =IFERROR(I59/H59,"") | L59: =IFERROR(OFFSET(K59,-1,0),"") | M59: =IF(OR(K59="",L59=""),"",IF(K59<L59,"Improving",IF(K59=L59,"Stable","Adverse"))) | N59: =COUNTIF(Action_Register!O:O,"Closed") | O59: =Summary!B21 | P59: =IF(E59="","",IFERROR(OFFSET(E59,-1,0),"")) | Q59: =IF(E59="","",IF(P59="",COUNTIFS(Action_Register!O:O,"Closed",Action_Register!W:W,"<="&E59),COUNTIFS(Action_Register!O:O,"Closed",Action_Register!W:W,">"&P59,Action_Register!W:W,"<="&E59))) | R59: =IF(E59="","",IF(P59="",COUNTIFS(Action_Register!O:O,"Closed",Action_Register!J:J,"Critical",Action_Register!W:W,"<="&E59),COUNTIFS(Action_Register!O:O,"Closed",Action_Register!J:J,"Critical",Action_Register!W:W,">"&P59,Action_Register!W:W,"<="&E59)))
A60: OUT-00059 | B60: ='Company_Profile'!B5 | C60: ='Company_Profile'!B2 | K60: =IFERROR(I60/H60,"") | L60: =IFERROR(OFFSET(K60,-1,0),"") | M60: =IF(OR(K60="",L60=""),"",IF(K60<L60,"Improving",IF(K60=L60,"Stable","Adverse"))) | N60: =COUNTIF(Action_Register!O:O,"Closed") | O60: =Summary!B21 | P60: =IF(E60="","",IFERROR(OFFSET(E60,-1,0),"")) | Q60: =IF(E60="","",IF(P60="",COUNTIFS(Action_Register!O:O,"Closed",Action_Register!W:W,"<="&E60),COUNTIFS(Action_Register!O:O,"Closed",Action_Register!W:W,">"&P60,Action_Register!W:W,"<="&E60))) | R60: =IF(E60="","",IF(P60="",COUNTIFS(Action_Register!O:O,"Closed",Action_Register!J:J,"Critical",Action_Register!W:W,"<="&E60),COUNTIFS(Action_Register!O:O,"Closed",Action_Register!J:J,"Critical",Action_Register!W:W,">"&P60,Action_Register!W:W,"<="&E60)))
A61: OUT-00060 | B61: ='Company_Profile'!B5 | C61: ='Company_Profile'!B2 | K61: =IFERROR(I61/H61,"") | L61: =IFERROR(OFFSET(K61,-1,0),"") | M61: =IF(OR(K61="",L61=""),"",IF(K61<L61,"Improving",IF(K61=L61,"Stable","Adverse"))) | N61: =COUNTIF(Action_Register!O:O,"Closed") | O61: =Summary!B21 | P61: =IF(E61="","",IFERROR(OFFSET(E61,-1,0),"")) | Q61: =IF(E61="","",IF(P61="",COUNTIFS(Action_Register!O:O,"Closed",Action_Register!W:W,"<="&E61),COUNTIFS(Action_Register!O:O,"Closed",Action_Register!W:W,">"&P61,Action_Register!W:W,"<="&E61))) | R61: =IF(E61="","",IF(P61="",COUNTIFS(Action_Register!O:O,"Closed",Action_Register!J:J,"Critical",Action_Register!W:W,"<="&E61),COUNTIFS(Action_Register!O:O,"Closed",Action_Register!J:J,"Critical",Action_Register!W:W,">"&P61,Action_Register!W:W,"<="&E61)))
P62: =IF(E62="","",IFERROR(OFFSET(E62,-1,0),"")) | Q62: =IF(E62="","",IF(P62="",COUNTIFS(Action_Register!O:O,"Closed",Action_Register!W:W,"<="&E62),COUNTIFS(Action_Register!O:O,"Closed",Action_Register!W:W,">"&P62,Action_Register!W:W,"<="&E62))) | R62: =IF(E62="","",IF(P62="",COUNTIFS(Action_Register!O:O,"Closed",Action_Register!J:J,"Critical",Action_Register!W:W,"<="&E62),COUNTIFS(Action_Register!O:O,"Closed",Action_Register!J:J,"Critical",Action_Register!W:W,">"&P62,Action_Register!W:W,"<="&E62)))
P63: =IF(E63="","",IFERROR(OFFSET(E63,-1,0),"")) | Q63: =IF(E63="","",IF(P63="",COUNTIFS(Action_Register!O:O,"Closed",Action_Register!W:W,"<="&E63),COUNTIFS(Action_Register!O:O,"Closed",Action_Register!W:W,">"&P63,Action_Register!W:W,"<="&E63))) | R63: =IF(E63="","",IF(P63="",COUNTIFS(Action_Register!O:O,"Closed",Action_Register!J:J,"Critical",Action_Register!W:W,"<="&E63),COUNTIFS(Action_Register!O:O,"Closed",Action_Register!J:J,"Critical",Action_Register!W:W,">"&P63,Action_Register!W:W,"<="&E63)))
P64: =IF(E64="","",IFERROR(OFFSET(E64,-1,0),"")) | Q64: =IF(E64="","",IF(P64="",COUNTIFS(Action_Register!O:O,"Closed",Action_Register!W:W,"<="&E64),COUNTIFS(Action_Register!O:O,"Closed",Action_Register!W:W,">"&P64,Action_Register!W:W,"<="&E64))) | R64: =IF(E64="","",IF(P64="",COUNTIFS(Action_Register!O:O,"Closed",Action_Register!J:J,"Critical",Action_Register!W:W,"<="&E64),COUNTIFS(Action_Register!O:O,"Closed",Action_Register!J:J,"Critical",Action_Register!W:W,">"&P64,Action_Register!W:W,"<="&E64)))
P65: =IF(E65="","",IFERROR(OFFSET(E65,-1,0),"")) | Q65: =IF(E65="","",IF(P65="",COUNTIFS(Action_Register!O:O,"Closed",Action_Register!W:W,"<="&E65),COUNTIFS(Action_Register!O:O,"Closed",Action_Register!W:W,">"&P65,Action_Register!W:W,"<="&E65))) | R65: =IF(E65="","",IF(P65="",COUNTIFS(Action_Register!O:O,"Closed",Action_Register!J:J,"Critical",Action_Register!W:W,"<="&E65),COUNTIFS(Action_Register!O:O,"Closed",Action_Register!J:J,"Critical",Action_Register!W:W,">"&P65,Action_Register!W:W,"<="&E65)))
P66: =IF(E66="","",IFERROR(OFFSET(E66,-1,0),"")) | Q66: =IF(E66="","",IF(P66="",COUNTIFS(Action_Register!O:O,"Closed",Action_Register!W:W,"<="&E66),COUNTIFS(Action_Register!O:O,"Closed",Action_Register!W:W,">"&P66,Action_Register!W:W,"<="&E66))) | R66: =IF(E66="","",IF(P66="",COUNTIFS(Action_Register!O:O,"Closed",Action_Register!J:J,"Critical",Action_Register!W:W,"<="&E66),COUNTIFS(Action_Register!O:O,"Closed",Action_Register!J:J,"Critical",Action_Register!W:W,">"&P66,Action_Register!W:W,"<="&E66)))
P67: =IF(E67="","",IFERROR(OFFSET(E67,-1,0),"")) | Q67: =IF(E67="","",IF(P67="",COUNTIFS(Action_Register!O:O,"Closed",Action_Register!W:W,"<="&E67),COUNTIFS(Action_Register!O:O,"Closed",Action_Register!W:W,">"&P67,Action_Register!W:W,"<="&E67))) | R67: =IF(E67="","",IF(P67="",COUNTIFS(Action_Register!O:O,"Closed",Action_Register!J:J,"Critical",Action_Register!W:W,"<="&E67),COUNTIFS(Action_Register!O:O,"Closed",Action_Register!J:J,"Critical",Action_Register!W:W,">"&P67,Action_Register!W:W,"<="&E67)))
P68: =IF(E68="","",IFERROR(OFFSET(E68,-1,0),"")) | Q68: =IF(E68="","",IF(P68="",COUNTIFS(Action_Register!O:O,"Closed",Action_Register!W:W,"<="&E68),COUNTIFS(Action_Register!O:O,"Closed",Action_Register!W:W,">"&P68,Action_Register!W:W,"<="&E68))) | R68: =IF(E68="","",IF(P68="",COUNTIFS(Action_Register!O:O,"Closed",Action_Register!J:J,"Critical",Action_Register!W:W,"<="&E68),COUNTIFS(Action_Register!O:O,"Closed",Action_Register!J:J,"Critical",Action_Register!W:W,">"&P68,Action_Register!W:W,"<="&E68)))
P69: =IF(E69="","",IFERROR(OFFSET(E69,-1,0),"")) | Q69: =IF(E69="","",IF(P69="",COUNTIFS(Action_Register!O:O,"Closed",Action_Register!W:W,"<="&E69),COUNTIFS(Action_Register!O:O,"Closed",Action_Register!W:W,">"&P69,Action_Register!W:W,"<="&E69))) | R69: =IF(E69="","",IF(P69="",COUNTIFS(Action_Register!O:O,"Closed",Action_Register!J:J,"Critical",Action_Register!W:W,"<="&E69),COUNTIFS(Action_Register!O:O,"Closed",Action_Register!J:J,"Critical",Action_Register!W:W,">"&P69,Action_Register!W:W,"<="&E69)))
P70: =IF(E70="","",IFERROR(OFFSET(E70,-1,0),"")) | Q70: =IF(E70="","",IF(P70="",COUNTIFS(Action_Register!O:O,"Closed",Action_Register!W:W,"<="&E70),COUNTIFS(Action_Register!O:O,"Closed",Action_Register!W:W,">"&P70,Action_Register!W:W,"<="&E70))) | R70: =IF(E70="","",IF(P70="",COUNTIFS(Action_Register!O:O,"Closed",Action_Register!J:J,"Critical",Action_Register!W:W,"<="&E70),COUNTIFS(Action_Register!O:O,"Closed",Action_Register!J:J,"Critical",Action_Register!W:W,">"&P70,Action_Register!W:W,"<="&E70)))
P71: =IF(E71="","",IFERROR(OFFSET(E71,-1,0),"")) | Q71: =IF(E71="","",IF(P71="",COUNTIFS(Action_Register!O:O,"Closed",Action_Register!W:W,"<="&E71),COUNTIFS(Action_Register!O:O,"Closed",Action_Register!W:W,">"&P71,Action_Register!W:W,"<="&E71))) | R71: =IF(E71="","",IF(P71="",COUNTIFS(Action_Register!O:O,"Closed",Action_Register!J:J,"Critical",Action_Register!W:W,"<="&E71),COUNTIFS(Action_Register!O:O,"Closed",Action_Register!J:J,"Critical",Action_Register!W:W,">"&P71,Action_Register!W:W,"<="&E71)))
P72: =IF(E72="","",IFERROR(OFFSET(E72,-1,0),"")) | Q72: =IF(E72="","",IF(P72="",COUNTIFS(Action_Register!O:O,"Closed",Action_Register!W:W,"<="&E72),COUNTIFS(Action_Register!O:O,"Closed",Action_Register!W:W,">"&P72,Action_Register!W:W,"<="&E72))) | R72: =IF(E72="","",IF(P72="",COUNTIFS(Action_Register!O:O,"Closed",Action_Register!J:J,"Critical",Action_Register!W:W,"<="&E72),COUNTIFS(Action_Register!O:O,"Closed",Action_Register!J:J,"Critical",Action_Register!W:W,">"&P72,Action_Register!W:W,"<="&E72)))
P73: =IF(E73="","",IFERROR(OFFSET(E73,-1,0),"")) | Q73: =IF(E73="","",IF(P73="",COUNTIFS(Action_Register!O:O,"Closed",Action_Register!W:W,"<="&E73),COUNTIFS(Action_Register!O:O,"Closed",Action_Register!W:W,">"&P73,Action_Register!W:W,"<="&E73))) | R73: =IF(E73="","",IF(P73="",COUNTIFS(Action_Register!O:O,"Closed",Action_Register!J:J,"Critical",Action_Register!W:W,"<="&E73),COUNTIFS(Action_Register!O:O,"Closed",Action_Register!J:J,"Critical",Action_Register!W:W,">"&P73,Action_Register!W:W,"<="&E73)))
... P500: =IF(E500="","",IFERROR(OFFSET(E500,-1,0),"")) | Q500: =IF(E500="","",IF(P500="",COUNTIFS(Action_Register!O:O,"Closed",Action_Register!W:W,"<="&E500),COUNTIFS(Action_Register!O:O,"Closed",Action_Register!W:W,">"&P500,Action_Register!W:W,"<="&E500))) | R500: =IF(E500="","",IF(P500="",COUNTIFS(Action_Register!O:O,"Closed",Action_Register!J:J,"Critical",Action_Register!W:W,"<="&E500),COUNTIFS(Action_Register!O:O,"Closed",Action_Register!J:J,"Critical",Action_Register!W:W,">"&P500,Action_Register!W:W,"<="&E500)))

Sheet Action_Plan
A1: Action_ID | B1: Risk Driver | C1: Required Action | D1: Evidence Required | E1: Priority | F1: Responsible Role | G1: Target Due Date | H1: Current Status | I1: Blocking
A2: =IFERROR(INDEX(Action_Register!A:A,ROW()-1),"") | B2: =IFERROR(INDEX(Action_Register!E:E,ROW()-1),"") | C2: =IFERROR(VLOOKUP(INDEX(Action_Register!F:F,ROW()-1),Action_Templates!A:H,8,FALSE),"") | D2: =IFERROR(INDEX(Action_Register!AB:AB,ROW()-1),"") | E2: =IFERROR(INDEX(Action_Register!J:J,ROW()-1),"") | F2: =IFERROR(INDEX(Action_Register!L:L,ROW()-1),"") | G2: =IFERROR(INDEX(Action_Register!N:N,ROW()-1),"") | H2: =IFERROR(INDEX(Action_Register!O:O,ROW()-1),"") | I2: =IFERROR(INDEX(Action_Register!K:K,ROW()-1),"")
A3: =IFERROR(INDEX(Action_Register!A:A,ROW()-1),"") | B3: =IFERROR(INDEX(Action_Register!E:E,ROW()-1),"") | C3: =IFERROR(VLOOKUP(INDEX(Action_Register!F:F,ROW()-1),Action_Templates!A:H,8,FALSE),"") | D3: =IFERROR(INDEX(Action_Register!AB:AB,ROW()-1),"") | E3: =IFERROR(INDEX(Action_Register!J:J,ROW()-1),"") | F3: =IFERROR(INDEX(Action_Register!L:L,ROW()-1),"") | G3: =IFERROR(INDEX(Action_Register!N:N,ROW()-1),"") | H3: =IFERROR(INDEX(Action_Register!O:O,ROW()-1),"") | I3: =IFERROR(INDEX(Action_Register!K:K,ROW()-1),"")
A4: =IFERROR(INDEX(Action_Register!A:A,ROW()-1),"") | B4: =IFERROR(INDEX(Action_Register!E:E,ROW()-1),"") | C4: =IFERROR(VLOOKUP(INDEX(Action_Register!F:F,ROW()-1),Action_Templates!A:H,8,FALSE),"") | D4: =IFERROR(INDEX(Action_Register!AB:AB,ROW()-1),"") | E4: =IFERROR(INDEX(Action_Register!J:J,ROW()-1),"") | F4: =IFERROR(INDEX(Action_Register!L:L,ROW()-1),"") | G4: =IFERROR(INDEX(Action_Register!N:N,ROW()-1),"") | H4: =IFERROR(INDEX(Action_Register!O:O,ROW()-1),"") | I4: =IFERROR(INDEX(Action_Register!K:K,ROW()-1),"")
A5: =IFERROR(INDEX(Action_Register!A:A,ROW()-1),"") | B5: =IFERROR(INDEX(Action_Register!E:E,ROW()-1),"") | C5: =IFERROR(VLOOKUP(INDEX(Action_Register!F:F,ROW()-1),Action_Templates!A:H,8,FALSE),"") | D5: =IFERROR(INDEX(Action_Register!AB:AB,ROW()-1),"") | E5: =IFERROR(INDEX(Action_Register!J:J,ROW()-1),"") | F5: =IFERROR(INDEX(Action_Register!L:L,ROW()-1),"") | G5: =IFERROR(INDEX(Action_Register!N:N,ROW()-1),"") | H5: =IFERROR(INDEX(Action_Register!O:O,ROW()-1),"") | I5: =IFERROR(INDEX(Action_Register!K:K,ROW()-1),"")
A6: =IFERROR(INDEX(Action_Register!A:A,ROW()-1),"") | B6: =IFERROR(INDEX(Action_Register!E:E,ROW()-1),"") | C6: =IFERROR(VLOOKUP(INDEX(Action_Register!F:F,ROW()-1),Action_Templates!A:H,8,FALSE),"") | D6: =IFERROR(INDEX(Action_Register!AB:AB,ROW()-1),"") | E6: =IFERROR(INDEX(Action_Register!J:J,ROW()-1),"") | F6: =IFERROR(INDEX(Action_Register!L:L,ROW()-1),"") | G6: =IFERROR(INDEX(Action_Register!N:N,ROW()-1),"") | H6: =IFERROR(INDEX(Action_Register!O:O,ROW()-1),"") | I6: =IFERROR(INDEX(Action_Register!K:K,ROW()-1),"")
A7: =IFERROR(INDEX(Action_Register!A:A,ROW()-1),"") | B7: =IFERROR(INDEX(Action_Register!E:E,ROW()-1),"") | C7: =IFERROR(VLOOKUP(INDEX(Action_Register!F:F,ROW()-1),Action_Templates!A:H,8,FALSE),"") | D7: =IFERROR(INDEX(Action_Register!AB:AB,ROW()-1),"") | E7: =IFERROR(INDEX(Action_Register!J:J,ROW()-1),"") | F7: =IFERROR(INDEX(Action_Register!L:L,ROW()-1),"") | G7: =IFERROR(INDEX(Action_Register!N:N,ROW()-1),"") | H7: =IFERROR(INDEX(Action_Register!O:O,ROW()-1),"") | I7: =IFERROR(INDEX(Action_Register!K:K,ROW()-1),"")
A8: =IFERROR(INDEX(Action_Register!A:A,ROW()-1),"") | B8: =IFERROR(INDEX(Action_Register!E:E,ROW()-1),"") | C8: =IFERROR(VLOOKUP(INDEX(Action_Register!F:F,ROW()-1),Action_Templates!A:H,8,FALSE),"") | D8: =IFERROR(INDEX(Action_Register!AB:AB,ROW()-1),"") | E8: =IFERROR(INDEX(Action_Register!J:J,ROW()-1),"") | F8: =IFERROR(INDEX(Action_Register!L:L,ROW()-1),"") | G8: =IFERROR(INDEX(Action_Register!N:N,ROW()-1),"") | H8: =IFERROR(INDEX(Action_Register!O:O,ROW()-1),"") | I8: =IFERROR(INDEX(Action_Register!K:K,ROW()-1),"")
A9: =IFERROR(INDEX(Action_Register!A:A,ROW()-1),"") | B9: =IFERROR(INDEX(Action_Register!E:E,ROW()-1),"") | C9: =IFERROR(VLOOKUP(INDEX(Action_Register!F:F,ROW()-1),Action_Templates!A:H,8,FALSE),"") | D9: =IFERROR(INDEX(Action_Register!AB:AB,ROW()-1),"") | E9: =IFERROR(INDEX(Action_Register!J:J,ROW()-1),"") | F9: =IFERROR(INDEX(Action_Register!L:L,ROW()-1),"") | G9: =IFERROR(INDEX(Action_Register!N:N,ROW()-1),"") | H9: =IFERROR(INDEX(Action_Register!O:O,ROW()-1),"") | I9: =IFERROR(INDEX(Action_Register!K:K,ROW()-1),"")
A10: =IFERROR(INDEX(Action_Register!A:A,ROW()-1),"") | B10: =IFERROR(INDEX(Action_Register!E:E,ROW()-1),"") | C10: =IFERROR(VLOOKUP(INDEX(Action_Register!F:F,ROW()-1),Action_Templates!A:H,8,FALSE),"") | D10: =IFERROR(INDEX(Action_Register!AB:AB,ROW()-1),"") | E10: =IFERROR(INDEX(Action_Register!J:J,ROW()-1),"") | F10: =IFERROR(INDEX(Action_Register!L:L,ROW()-1),"") | G10: =IFERROR(INDEX(Action_Register!N:N,ROW()-1),"") | H10: =IFERROR(INDEX(Action_Register!O:O,ROW()-1),"") | I10: =IFERROR(INDEX(Action_Register!K:K,ROW()-1),"")
A11: =IFERROR(INDEX(Action_Register!A:A,ROW()-1),"") | B11: =IFERROR(INDEX(Action_Register!E:E,ROW()-1),"") | C11: =IFERROR(VLOOKUP(INDEX(Action_Register!F:F,ROW()-1),Action_Templates!A:H,8,FALSE),"") | D11: =IFERROR(INDEX(Action_Register!AB:AB,ROW()-1),"") | E11: =IFERROR(INDEX(Action_Register!J:J,ROW()-1),"") | F11: =IFERROR(INDEX(Action_Register!L:L,ROW()-1),"") | G11: =IFERROR(INDEX(Action_Register!N:N,ROW()-1),"") | H11: =IFERROR(INDEX(Action_Register!O:O,ROW()-1),"") | I11: =IFERROR(INDEX(Action_Register!K:K,ROW()-1),"")
A12: =IFERROR(INDEX(Action_Register!A:A,ROW()-1),"") | B12: =IFERROR(INDEX(Action_Register!E:E,ROW()-1),"") | C12: =IFERROR(VLOOKUP(INDEX(Action_Register!F:F,ROW()-1),Action_Templates!A:H,8,FALSE),"") | D12: =IFERROR(INDEX(Action_Register!AB:AB,ROW()-1),"") | E12: =IFERROR(INDEX(Action_Register!J:J,ROW()-1),"") | F12: =IFERROR(INDEX(Action_Register!L:L,ROW()-1),"") | G12: =IFERROR(INDEX(Action_Register!N:N,ROW()-1),"") | H12: =IFERROR(INDEX(Action_Register!O:O,ROW()-1),"") | I12: =IFERROR(INDEX(Action_Register!K:K,ROW()-1),"")
A13: =IFERROR(INDEX(Action_Register!A:A,ROW()-1),"") | B13: =IFERROR(INDEX(Action_Register!E:E,ROW()-1),"") | C13: =IFERROR(VLOOKUP(INDEX(Action_Register!F:F,ROW()-1),Action_Templates!A:H,8,FALSE),"") | D13: =IFERROR(INDEX(Action_Register!AB:AB,ROW()-1),"") | E13: =IFERROR(INDEX(Action_Register!J:J,ROW()-1),"") | F13: =IFERROR(INDEX(Action_Register!L:L,ROW()-1),"") | G13: =IFERROR(INDEX(Action_Register!N:N,ROW()-1),"") | H13: =IFERROR(INDEX(Action_Register!O:O,ROW()-1),"") | I13: =IFERROR(INDEX(Action_Register!K:K,ROW()-1),"")
... A300: =IFERROR(INDEX(Action_Register!A:A,ROW()-1),"") | B300: =IFERROR(INDEX(Action_Register!E:E,ROW()-1),"") | C300: =IFERROR(VLOOKUP(INDEX(Action_Register!F:F,ROW()-1),Action_Templates!A:H,8,FALSE),"") | D300: =IFERROR(INDEX(Action_Register!AB:AB,ROW()-1),"") | E300: =IFERROR(INDEX(Action_Register!J:J,ROW()-1),"") | F300: =IFERROR(INDEX(Action_Register!L:L,ROW()-1),"") | G300: =IFERROR(INDEX(Action_Register!N:N,ROW()-1),"") | H300: =IFERROR(INDEX(Action_Register!O:O,ROW()-1),"") | I300: =IFERROR(INDEX(Action_Register!K:K,ROW()-1),"")
